timestamp,open,high,low,close,volume
2023-12-29,193.17,193.5599,191.52,192.48,6095325
2023-12-28,193.52,193.72,192.975,193.07,4807676
2023-12-27,192.95,193.24,192.02,192.84,5865660
2023-12-26,192.17,193.245,192.17,192.85,3103779
2023-12-22,192.35,192.61,191.1,192.05,5107708
2023-12-21,191.6,192.23,190.19,191.8,5667974
2023-12-20,192.36,193.04,189.64,189.67,6867447
2023-12-19,191.81,192.6,191.7,192.58,4499497
2023-12-18,191.24,192.28,190.43,191.85,5069188
2023-12-15,190.54,192.8,190.54,191.7,9065696
2023-12-14,191.36,192.08,189.33,190.74,7713721
2023-12-13,189.99,191.67,189.54,191.21,14697497
2023-12-12,187.6,189.6,187.44,189.54,7527695
2023-12-11,186.11,188.33,185.68,188.29,18897692
2023-12-08,184.68,186.81,184.45,186.66,6404425
2023-12-07,183.73,185.39,183.34,185.08,6964403
2023-12-06,185.57,185.84,182.72,182.86,7362089
2023-12-05,182.34,184.63,182.34,184.42,5420665
2023-12-04,183.73,183.73,181.32,183.32,9110927
2023-12-01,184.68,185.91,183.79,185.58,6996055
2023-11-30,185.66,185.91,183.61,185.16,6872004
2023-11-29,186.1,186.9,184.775,184.89,5382712
2023-11-28,183.78,185.24,183.78,184.75,5506169
2023-11-27,184.15,185.465,183.82,184.4,4210093
2023-11-24,184.46,184.62,183.71,184.41,2096926
2023-11-22,185.11,186.35,184.27,184.77,5606835
2023-11-21,184.61,184.9,183.275,183.95,6675391
2023-11-20,183.03,185.93,183.01,185.45,5559831
2023-11-17,182.77,183.5,182.01,182.8,6639210
2023-11-16,181.91,183.38,181.58,183.18,5777038
2023-11-15,182.85,183.13,181.57,182.27,6573854
2023-11-14,181.2,182.495,180.64,182.04,8254216
2023-11-13,178.77,178.92,177.72,178.47,5862518
2023-11-10,176.01,179.635,175.81,179.52,6675179
2023-11-09,176.03,177.315,174.72,174.95,7187337
2023-11-08,175.38,176.06,174.58,175.77,5361330
2023-11-07,173.35,175.29,173.09,174.78,6514892
2023-11-06,171.99,172.95,171.45,172.89,5549571
2023-11-03,169.84,172.45,169.47,171.76,7830864
2023-11-02,168.69,170.16,168.46,170.01,8096334
2023-11-01,164.3,167.4,164.3,167.18,10472884
2023-10-31,162.93,164.15,161.66,164.01,5446760
2023-10-30,161.97,163.425,161.48,162.85,7090476
2023-10-27,161.17,162.75,160.41,161.12,8115780
2023-10-26,163.6,164.32,159.5,160.19,10323240
2023-10-25,166.05,166.25,162.825,163.31,7764807
2023-10-24,164.78,165.51,163.48,165.26,5590175
2023-10-23,162.92,165.8,162.01,164.13,7579467
2023-10-20,166.68,166.8,163.77,163.94,7675226
2023-10-19,168.39,169.52,166.47,166.76,9995865
2023-10-18,168.27,169.64,167.03,167.72,6431451
2023-10-17,168.11,170.335,166.9,169.46,7659136
2023-10-16,168.91,171.02,168.88,170.25,7272089
2023-10-13,171.42,171.71,168.04,168.63,7595969
2023-10-12,171.07,172.83,169.78,171.08,7702917
2023-10-11,169.87,171.0,169.33,170.92,5194636
2023-10-10,169.21,170.71,168.74,169.35,10201601
2023-10-09,167.19,169.35,166.42,169.09,6569580
2023-10-06,164.0,168.9406,163.52,168.22,8312766
2023-10-05,164.9,165.4,163.15,165.13,6011478
2023-10-04,163.01,165.35,163.01,164.91,7597112
2023-10-03,164.75,165.88,162.0398,162.88,7419358
2023-10-02,164.01,166.17,163.76,165.69,6828077
2023-09-29,164.98,166.51,163.37,163.93,7941908
2023-09-28,161.45,164.41,160.69,163.37,6414659
2023-09-27,162.75,163.07,160.6122,162.22,5832571
2023-09-26,163.86,163.95,161.41,161.97,7462978
2023-09-25,163.99,165.19,163.57,164.94,5288669
2023-09-22,164.78,165.92,164.04,164.41,6268933
2023-09-21,164.85,166.02,163.98,164.06,7371412
2023-09-20,169.72,169.94,166.53,166.6,5383065
2023-09-19,168.63,169.69,167.71,169.26,4118667
2023-09-18,168.05,169.91,168.0,169.35,4971903
2023-09-15,171.59,171.64,168.45,168.9,6558409
2023-09-14,172.02,172.635,170.94,172.21,4736631
2023-09-13,170.47,171.885,169.99,170.97,5004380
2023-09-12,172.24,172.85,170.23,170.54,6121707
2023-09-11,174.31,174.47,172.17,173.69,4136384
2023-09-08,172.42,173.9,172.34,172.79,4292481
2023-09-07,171.71,172.81,171.08,172.43,6256923
2023-09-06,176.14,176.58,173.88,174.96,9071613
2023-09-05,175.76,177.38,175.19,176.83,5030185
2023-09-01,176.76,176.99,175.3,176.2,4622330
2023-08-31,175.21,176.33,175.02,175.66,5981745
2023-08-30,173.53,174.985,172.93,174.81,6133330
2023-08-29,169.6,173.67,169.42,173.5,6856939
2023-08-28,169.99,170.45,168.78,170.09,4482149
2023-08-25,167.68,169.64,166.19,168.71,7843290
2023-08-24,173.1,173.11,166.88,167.01,6964453
2023-08-23,168.33,171.45,168.32,170.95,5056621
2023-08-22,169.62,169.72,167.55,167.92,5682780
2023-08-21,165.81,168.45,165.65,168.11,6566423
2023-08-18,163.04,165.63,162.94,164.96,6829334
2023-08-17,167.03,167.335,164.46,164.71,6307367
2023-08-16,167.53,168.49,166.28,166.29,4889732
2023-08-15,169.06,169.66,167.5,167.89,4683173
2023-08-14,166.73,169.58,166.33,169.56,5164003
2023-08-11,166.8,167.88,166.32,166.9,5385956
2023-08-10,169.4,170.87,167.31,168.14,6365657
2023-08-09,170.55,170.55,167.54,168.12,7150891
2023-08-08,170.44,170.54,168.61,170.32,5730901
2023-08-07,171.88,172.47,170.4,171.64,4767998
2023-08-04,172.93,173.965,170.89,171.16,7215851
2023-08-03,172.81,174.54,172.7,173.52,5660933
2023-08-02,177.08,177.19,173.6,174.23,7913424
2023-08-01,177.77,179.03,177.3,178.65,4424307
2023-07-31,178.1,178.57,177.33,178.35,5069852
2023-07-28,177.18,178.47,176.81,177.94,5643874
2023-07-27,178.44,178.98,174.75,175.55,6928475
2023-07-26,176.59,177.02,174.82,176.06,7750764
2023-07-25,177.01,179.05,176.98,178.46,5401103
2023-07-24,176.91,177.34,175.76,176.44,5654130
2023-07-21,177.34,178.23,175.92,176.13,7435708
2023-07-20,178.66,179.415,175.6657,176.22,12178023
2023-07-19,180.71,181.46,179.12,179.81,10494965
2023-07-18,177.83,181.13,176.9,180.26,8203385
2023-07-17,176.32,178.755,176.12,178.24,5930280
2023-07-14,176.69,178.07,175.48,175.99,5771911
2023-07-13,175.17,176.63,174.82,176.25,4674611
2023-07-12,173.75,174.795,172.8,173.98,8052282
2023-07-11,172.02,172.22,170.35,172.03,4998680
2023-07-10,170.59,171.67,169.94,171.66,8438551
2023-07-07,171.68,173.28,171.11,171.21,5811255
2023-07-06,170.72,172.12,170.195,171.96,6058210
2023-07-05,172.28,173.71,172.13,172.42,4698199
2023-07-03,173.83,173.91,172.61,173.49,3091100
2023-06-30,172.84,174.2998,172.71,173.86,5699222
2023-06-29,171.02,171.45,170.11,171.14,4564146
2023-06-28,169.79,171.76,169.66,170.84,5685842
2023-06-27,168.11,171.13,167.95,170.74,6916452
2023-06-26,168.8,170.28,167.32,167.44,5445131
2023-06-23,168.4,169.645,167.94,168.65,7364457
2023-06-22,168.36,170.57,168.33,170.5,7612585
2023-06-21,171.0,171.33,168.62,169.12,6028963
2023-06-20,171.84,172.9,170.74,171.66,7069581
2023-06-16,176.29,176.3,173.02,173.19,8683334
2023-06-15,171.71,175.41,171.67,174.63,8866336
2023-06-14,170.45,172.47,169.86,172.41,8384518
2023-06-13,171.13,171.46,169.27,170.65,8297940
2023-06-12,167.15,169.685,166.81,169.62,6896020
2023-06-09,165.99,167.71,165.45,166.01,7207782
2023-06-08,163.66,165.445,163.545,165.19,5333722
2023-06-07,165.58,166.87,163.0799,163.42,6851880
2023-06-06,165.54,166.26,164.71,165.9,4987832
2023-06-05,166.8,167.9083,165.6467,165.94,5454498
2023-06-02,166.93,167.67,165.72,166.9,7135271
2023-06-01,163.76,166.65,163.23,165.95,8709728
2023-05-31,164.71,166.26,164.19,164.28,9071856
2023-05-30,167.2,168.04,165.31,165.66,9061845
2023-05-26,160.64,165.07,160.62,164.78,7579998
2023-05-25,158.41,160.86,157.58,160.23,9038999
2023-05-24,154.22,154.93,153.47,154.31,5462752
2023-05-23,156.99,157.64,155.39,155.45,5845476
2023-05-22,157.01,158.19,156.75,157.78,5397089
2023-05-19,157.59,157.86,156.94,157.48,4902551
2023-05-18,154.58,157.78,154.58,157.55,7745604
2023-05-17,153.0,154.65,152.295,154.39,5958306
2023-05-16,151.99,153.19,151.94,152.36,4699238
2023-05-15,151.1,152.23,150.555,152.2,3398461
2023-05-12,151.41,151.63,149.78,150.95,3953978
2023-05-11,151.58,151.58,150.1,151.15,4478546
2023-05-10,151.31,152.18,150.36,151.83,5275910
2023-05-09,150.33,150.61,149.84,150.0,6236700
2023-05-08,150.95,151.29,150.23,151.16,3397843
2023-05-05,148.97,151.75,148.76,151.24,6114998
2023-05-04,147.66,148.54,146.93,147.54,5430455
2023-05-03,149.69,150.66,148.18,148.25,5815099
2023-05-02,151.1,151.27,148.73,149.51,6029435
2023-05-01,150.71,151.6475,150.47,150.92,4097189
2023-04-28,149.21,150.86,149.05,150.83,5895970
2023-04-27,146.8,149.315,146.44,149.21,6042384
2023-04-26,146.5,147.62,145.76,146.11,6766655
2023-04-25,146.39,146.67,143.92,143.97,5511323
2023-04-24,147.17,147.89,146.01,147.11,4539968
2023-04-21,147.59,148.025,146.8,147.76,6118874
2023-04-20,147.85,149.71,147.58,148.24,5708126
2023-04-19,148.3,149.5,148.1,149.22,4311606
2023-04-18,150.33,150.73,149.0,149.65,4606530
2023-04-17,148.84,149.52,148.03,149.19,4151900
2023-04-14,148.64,149.8686,147.35,148.65,6501848
2023-04-13,147.32,149.71,147.08,149.48,6820898
2023-04-12,148.59,148.99,146.505,146.75,6617886
2023-04-11,148.73,148.75,147.34,147.59,6375397
2023-04-10,147.59,149.02,146.78,148.99,4758588
2023-04-06,147.15,149.26,146.51,149.07,7848007
2023-04-05,149.23,149.37,147.16,148.23,7868780
2023-04-04,150.99,151.51,149.38,149.94,7912365
2023-04-03,150.09,150.98,149.37,150.77,10571060
2023-03-31,148.7,151.145,148.51,151.01,7534883
2023-03-30,148.53,149.09,147.88,148.88,5601209
2023-03-29,145.96,147.5,145.75,147.17,7128293
2023-03-28,144.58,144.63,142.845,144.15,4984008
2023-03-27,146.18,146.68,144.49,144.83,5405293
2023-03-24,145.12,146.03,144.16,145.96,5937705
2023-03-23,145.08,147.55,144.21,145.58,8797909
2023-03-22,144.69,147.57,143.17,143.25,7112246
2023-03-21,144.31,144.95,142.805,144.69,6533200
2023-03-20,142.89,143.71,141.82,143.53,5990808
2023-03-17,143.94,145.18,142.62,143.46,11539531
2023-03-16,139.25,143.86,138.79,143.66,13044548
2023-03-15,138.13,139.9099,137.455,139.74,11530017
2023-03-14,138.27,140.15,137.7,139.66,10601051
2023-03-13,134.92,138.4,134.08,136.51,17219746
2023-03-10,138.0,138.345,135.23,135.77,15278402
2023-03-09,140.43,142.01,137.93,138.2,7812295
2023-03-08,139.55,140.38,138.73,140.21,6623474
2023-03-07,140.7,141.24,138.71,139.06,7060055
2023-03-06,141.04,142.72,140.695,140.81,7999615
2023-03-03,138.07,140.145,137.94,140.14,7219834
2023-03-02,135.15,137.62,134.92,137.19,5485632
2023-03-01,136.58,136.8,135.1,135.52,7534677
2023-02-28,136.38,137.84,136.14,136.52,5243149
2023-02-27,137.46,138.16,136.57,136.82,4694488
2023-02-24,136.1,136.68,135.3,136.09,7173792
2023-02-23,138.84,139.08,136.61,138.56,6560208
2023-02-22,136.78,137.4,135.65,136.3,7169194
2023-02-21,137.95,138.78,136.375,136.5,6138857
2023-02-17,140.58,140.74,138.6,139.82,5303339
2023-02-16,142.0,143.61,141.48,141.59,6500646
2023-02-15,142.55,144.1,142.21,144.09,5246227
2023-02-14,142.14,144.23,141.25,143.42,6310973
2023-02-13,140.93,143.121,140.84,142.81,4205914
2023-02-10,139.98,140.86,139.05,140.38,4930785
2023-02-09,144.0,144.24,140.47,141.03,6312014
2023-02-08,143.82,144.59,141.52,141.81,6288539
2023-02-07,140.25,144.08,140.19,143.54,7854072
2023-02-06,140.2,141.3,139.51,140.04,6488729
2023-02-03,140.5,144.09,140.29,141.77,8072663
2023-02-02,141.54,143.76,140.89,142.96,9412026
2023-02-01,135.86,140.27,135.21,139.16,9426375
2023-01-31,134.09,136.02,134.0,135.96,4435803
2023-01-30,135.13,135.72,133.975,134.09,4852957
2023-01-27,135.27,137.66,135.21,136.7,6774660
2023-01-26,135.3,136.19,133.9,136.13,5580870
2023-01-25,132.0,134.33,130.77,133.99,7171147
2023-01-24,133.57,134.78,133.37,134.27,6287839
2023-01-23,131.87,135.1,131.57,134.33,11736438
2023-01-20,128.52,131.435,128.06,131.34,7063936
2023-01-19,128.38,129.1,127.41,127.88,7322513
2023-01-18,131.82,132.52,129.31,129.39,6967961
2023-01-17,130.31,131.85,130.15,131.08,5212859
2023-01-13,128.89,130.6798,128.59,130.49,5076582
2023-01-12,129.36,130.71,127.78,130.12,7679335
2023-01-11,127.36,129.16,126.97,129.16,6878986
2023-01-10,125.87,127.1599,125.2,126.96,8604527
2023-01-09,125.85,128.475,125.81,126.18,10713633
2023-01-06,122.25,125.29,120.81,124.73,6912740
2023-01-05,122.96,123.28,120.97,121.18,5670515
2023-01-04,123.9,124.37,122.22,123.58,5906502
2023-01-03,125.77,126.6,122.38,123.26,7598070
2022-12-30,123.32,124.51,122.55,124.44,4452935
2022-12-29,122.62,125.03,122.605,124.61,5477143
2022-12-28,123.12,124.27,121.29,121.43,5181482
2022-12-27,124.17,124.39,122.69,123.42,4765105
2022-12-23,123.58,124.72,122.6676,124.6,4115796
2022-12-22,126.09,126.225,122.355,124.47,7662453
2022-12-21,126.19,128.285,125.88,127.69,7335276
2022-12-20,124.76,126.25,124.155,125.61,6311037
2022-12-19,127.13,127.33,124.59,125.42,7138284
2022-12-16,128.75,129.51,126.83,127.48,11999622
2022-12-15,132.01,132.5,128.7,129.19,9613088
2022-12-14,135.22,136.8,132.64,134.21,9770478
2022-12-13,138.64,139.3325,133.98,135.35,9303753
2022-12-12,131.12,133.77,131.08,133.77,7403098
2022-12-09,131.13,132.75,130.42,130.91,5201474
2022-12-08,130.32,132.1,129.54,131.72,4482893
2022-12-07,129.79,130.6,128.67,129.6,5206945
2022-12-06,132.97,133.17,129.42,130.26,5899848
2022-12-05,134.32,135.075,132.23,133.11,5763284
2022-12-02,133.87,135.81,133.35,135.36,4467191
2022-12-01,136.09,136.8,134.47,136.15,7582905
2022-11-30,129.4,135.98,129.27,135.96,11667227
2022-11-29,130.57,130.96,128.93,129.46,5785113
2022-11-28,132.09,132.94,130.21,130.74,6520125
2022-11-25,133.47,134.01,133.21,133.6,1631466
2022-11-23,132.91,134.78,132.82,134.38,4740303
2022-11-22,131.24,133.27,130.3,133.2,4509597
2022-11-21,131.34,131.88,130.41,130.67,4181923
2022-11-18,133.43,133.47,130.98,132.09,5956171
2022-11-17,129.67,132.55,129.62,131.94,4080155
2022-11-16,132.57,132.96,131.22,131.77,5047993
2022-11-15,135.0,135.55,132.26,133.6,6358058
2022-11-14,132.09,133.6512,131.3691,132.0,7263280
2022-11-11,130.78,133.58,130.14,133.14,7988913
2022-11-10,126.93,131.04,126.29,130.9,13966058
2022-11-09,123.04,123.09,120.7801,120.96,5981274
2022-11-08,124.03,125.69,122.36,124.19,6360973
2022-11-07,121.2,123.21,120.34,123.01,5213814
2022-11-04,121.29,121.62,118.22,120.99,8948144
2022-11-03,120.71,120.93,118.73,118.82,8005349
2022-11-02,126.71,128.34,122.38,122.42,9047620
2022-11-01,129.46,129.69,126.25,126.8,4706640
2022-10-31,128.29,128.64,127.11,127.87,6646133
2022-10-28,124.87,129.85,124.87,129.58,7467722
2022-10-27,126.08,126.85,123.89,124.18,5847421
2022-10-26,125.23,128.26,125.03,125.61,7584690
2022-10-25,126.37,128.56,126.37,128.47,5132495
2022-10-24,124.87,126.52,123.35,126.06,6692591
2022-10-21,120.8,124.6,120.39,124.34,8562953
2022-10-20,121.07,123.73,120.5,121.1,6214824
2022-10-19,120.32,122.23,119.81,121.03,5491995
2022-10-18,123.48,123.92,119.85,121.38,6998992
2022-10-17,119.66,120.96,119.34,120.36,7299764
2022-10-14,121.16,121.42,116.61,116.8,11242212
2022-10-13,113.41,120.805,112.97,120.18,19057309
2022-10-12,117.01,117.81,116.36,116.56,7055821
2022-10-11,118.06,118.875,116.05,116.92,10522406
2022-10-10,120.77,120.94,117.55,118.74,8353096
2022-10-07,123.38,123.39,120.12,120.77,7874463
2022-10-06,126.66,128.05,125.8,125.95,7174110
2022-10-05,124.86,127.91,124.13,126.99,7300156
2022-10-04,124.94,126.71,124.85,126.57,8889540
2022-10-03,119.72,123.19,119.26,122.46,8666140
2022-09-30,120.61,122.4,118.56,118.78,9756456
2022-09-29,122.56,122.84,119.67,121.1,15548343
2022-09-28,122.22,124.94,121.28,124.34,9466697
2022-09-27,124.51,125.68,121.9,123.04,9357359
2022-09-26,123.36,125.43,122.53,122.88,8597045
2022-09-23,124.24,124.43,122.11,123.74,9698339
2022-09-22,125.96,126.76,124.67,125.38,7929725
2022-09-21,129.35,131.25,126.65,126.67,8404352
2022-09-20,128.23,129.49,127.5602,128.68,6054822
2022-09-19,127.11,129.56,127.03,129.44,7841637
2022-09-16,128.3,128.975,126.88,128.71,10381060
2022-09-15,131.42,132.22,128.65,129.43,7442643
2022-09-14,132.62,133.45,131.21,132.48,6614581
2022-09-13,135.42,136.18,131.64,132.0,10074357
2022-09-12,138.05,139.46,138.03,139.4,5090477
2022-09-09,135.66,137.57,135.4,137.2,5709315
2022-09-08,133.09,135.24,132.49,134.54,5605301
2022-09-07,132.23,134.62,131.78,134.08,5828475
2022-09-06,133.03,133.6,131.1,131.97,7460616
2022-09-02,135.99,136.76,132.15,132.85,8303264
2022-09-01,133.94,134.77,131.78,134.6,7994304
2022-08-31,137.41,137.85,135.19,135.26,7085662
2022-08-30,138.81,139.049,135.35,136.59,6634391
2022-08-29,138.37,139.38,137.5,138.03,6610314
2022-08-26,146.06,146.41,139.78,139.88,7160945
2022-08-25,144.06,146.13,143.87,146.12,3563308
2022-08-24,143.5,144.3,142.9,143.69,4491636
2022-08-23,143.7,145.12,143.405,143.6,7388683
2022-08-22,146.09,146.14,143.62,143.98,5372124
2022-08-19,149.61,149.79,147.7783,148.11,5073265
2022-08-18,150.22,151.45,149.64,150.85,4988433
2022-08-17,149.77,151.22,148.99,150.07,6316380
2022-08-16,150.87,151.86,149.74,151.15,5495341
2022-08-15,150.01,151.78,149.84,151.56,3581283
2022-08-12,148.64,150.62,148.18,150.61,4046959
2022-08-11,149.18,150.05,147.4,147.67,5512907
2022-08-10,147.74,148.37,146.56,148.25,9636552
2022-08-09,144.59,144.88,143.53,144.31,4282862
2022-08-08,146.89,148.03,144.98,145.77,5551413
2022-08-05,145.0,147.43,144.88,147.02,3960514
2022-08-04,146.64,147.43,145.7,147.36,5839913
2022-08-03,143.59,147.1,143.56,146.69,7121765
2022-08-02,142.67,144.54,141.66,142.89,7960900
2022-08-01,142.92,145.35,142.57,143.91,6258003
2022-07-29,142.48,144.67,141.88,144.22,5088675
2022-07-28,140.07,142.36,138.82,142.04,6204042
2022-07-27,136.35,140.64,136.15,139.91,8536752
2022-07-26,136.24,136.28,133.64,134.14,5083917
2022-07-25,137.16,137.31,135.32,136.35,6975583
2022-07-22,139.08,139.65,136.425,137.22,5291806
2022-07-21,137.38,139.17,135.95,139.14,6478770
2022-07-20,135.12,137.78,134.76,137.21,6268566
2022-07-19,132.56,135.24,131.76,135.1,6165272
2022-07-18,133.68,134.16,130.6,131.1,4948846
2022-07-15,131.34,132.44,130.79,132.38,6764646
2022-07-14,127.88,130.55,126.23,130.09,6864408
2022-07-13,126.82,129.74,126.26,128.91,7581328
2022-07-12,131.52,132.26,128.49,129.25,8276696
2022-07-11,131.71,132.28,130.14,131.04,5708344
2022-07-08,131.39,133.298,130.98,132.87,6313461
2022-07-07,130.69,133.11,130.69,132.81,6541124
2022-07-06,129.29,131.16,128.65,130.12,8083462
2022-07-05,125.68,129.04,124.96,129.01,7170535
2022-07-01,126.32,127.73,125.23,127.41,6965317
2022-06-30,127.13,128.72,125.11,127.12,7860161
2022-06-29,128.42,129.61,127.38,128.84,6803575
2022-06-28,132.67,133.99,128.52,128.58,7631100
2022-06-27,133.88,134.275,131.95,132.55,6958648
2022-06-24,130.3,133.48,130.3,133.45,12746063
2022-06-23,128.01,129.065,126.84,128.82,8021088
2022-06-22,126.07,128.679,125.72,126.92,7581741
2022-06-21,126.11,128.36,126.11,127.46,8622498
2022-06-17,123.47,125.8,122.6,124.62,13842437
2022-06-16,125.46,125.57,122.465,123.49,16345406
2022-06-15,127.64,130.63,125.91,128.73,12534785
2022-06-14,126.22,126.91,124.9,126.07,9125172
2022-06-13,126.96,128.17,124.82,125.28,18166347
2022-06-10,133.98,134.4,131.05,131.09,10443151
2022-06-09,139.05,140.41,136.3,136.33,4882603
2022-06-08,141.25,141.93,139.68,140.07,4407144
2022-06-07,138.51,141.94,138.23,141.67,5508335
2022-06-06,141.75,142.63,139.305,140.0,6294778
2022-06-03,140.7,141.6701,139.34,139.99,5631869
2022-06-02,139.04,143.43,138.39,143.42,6934165
2022-06-01,141.96,142.915,138.99,140.03,6652398
2022-05-31,140.91,141.83,139.08,140.45,9710448
2022-05-27,138.36,141.49,138.1,141.46,8140893
2022-05-26,132.84,137.42,132.56,136.83,7778315
2022-05-25,131.21,134.61,131.11,133.62,6828314
2022-05-24,132.2,132.87,129.77,132.08,8561017
2022-05-23,131.47,134.24,131.06,134.07,8609841
2022-05-20,132.59,132.95,127.0355,131.06,10126274
2022-05-19,131.23,133.02,130.15,130.77,10437449
2022-05-18,136.73,137.13,131.72,132.22,11835072
2022-05-17,137.56,138.77,136.0,138.56,9301114
2022-05-16,134.73,136.47,133.51,134.66,8711740
2022-05-13,133.28,136.53,132.42,135.86,12247852
2022-05-12,130.89,133.4,128.43,131.49,18253301
2022-05-11,135.95,138.53,132.45,132.86,17390920
2022-05-10,138.35,139.13,135.15,137.19,18185204
2022-05-09,138.03,138.92,134.51,135.13,20562328
2022-05-06,140.42,142.82,138.46,140.57,17431060
2022-05-05,146.68,146.86,140.02,141.71,18221118
2022-05-04,144.38,149.14,141.99,148.87,14314307
2022-05-03,143.55,144.7,142.49,143.82,13734908
2022-05-02,141.26,143.76,139.66,143.57,18502156
2022-04-29,145.96,147.66,141.15,141.42,14794925
2022-04-28,144.12,148.41,143.35,147.57,13881208
2022-04-27,141.38,144.62,141.07,141.89,20024298
2022-04-26,143.91,144.13,139.75,139.82,12936802
2022-04-25,142.45,145.33,141.56,145.23,14353773
2022-04-22,147.04,147.9,142.8801,143.08,11047441
2022-04-21,151.2,152.62,146.75,147.2,9254614
2022-04-20,151.33,151.73,149.3,149.74,7821425
2022-04-19,146.75,150.14,146.21,149.88,6781075
2022-04-18,145.92,148.07,145.88,147.12,7030285
2022-04-14,150.45,150.72,146.565,146.64,8703516
2022-04-13,148.0,150.75,147.45,150.29,7223362
2022-04-12,150.41,151.55,147.35,147.91,11086114
2022-04-11,150.5,150.69,148.37,148.57,10797665
2022-04-08,153.88,154.24,152.08,152.41,13177292
2022-04-07,153.51,155.61,152.46,154.57,11600094
2022-04-06,155.44,155.8,152.96,154.33,17112659
2022-04-05,160.77,161.14,157.52,158.07,11672988
2022-04-04,158.87,161.55,158.81,161.47,11524148
2022-04-01,159.09,159.46,156.69,158.46,14104780
2022-03-31,161.3,161.6,158.69,158.93,9712060
2022-03-30,162.66,163.12,160.47,161.32,9340178
2022-03-29,161.97,163.65,160.81,163.5,9414863
2022-03-28,157.49,160.17,157.09,160.1,9296456
2022-03-25,158.56,158.78,156.2402,158.22,7377574
2022-03-24,155.16,158.35,154.64,158.31,7131733
2022-03-23,155.25,156.68,154.15,154.3,6180313
2022-03-22,154.6,157.52,154.39,156.71,8672427
2022-03-21,153.95,155.31,152.46,154.49,11068997
2022-03-18,151.42,155.35,150.68,155.07,13477594
2022-03-17,150.08,152.06,149.27,151.96,9259422
2022-03-16,147.99,150.945,145.642,150.89,13588036
2022-03-15,142.51,146.43,142.035,146.14,11496942
2022-03-14,143.4,145.03,140.98,141.39,13926221
2022-03-11,147.94,148.31,143.84,144.06,10728861
2022-03-10,146.61,147.05,144.42,146.64,13724235
2022-03-09,147.47,149.93,146.29,149.25,17663668
2022-03-08,143.88,148.03,141.45,143.57,18449216
2022-03-07,149.62,150.31,144.19,144.27,16432135
2022-03-04,151.23,151.86,148.56,149.75,13366370
2022-03-03,155.56,155.57,151.64,152.42,11725349
2022-03-02,152.1,154.9,150.92,154.26,12796200
2022-03-01,153.49,154.28,149.81,150.99,14962491
2022-02-28,152.71,154.72,151.43,154.07,17411146
2022-02-25,152.51,154.4,150.64,154.35,14150831
2022-02-24,142.19,152.39,141.72,152.28,25483891
2022-02-23,152.6,153.01,147.09,147.25,18939677
2022-02-22,150.84,153.45,149.38,151.03,13431451
2022-02-18,154.53,154.75,151.27,152.44,12655401
2022-02-17,157.27,157.43,153.705,154.0,12453212
2022-02-16,157.83,159.3,156.11,158.75,10159114
2022-02-15,157.17,159.02,156.62,158.91,12222707
2022-02-14,154.48,156.085,153.04,154.84,20515193
2022-02-11,159.93,160.63,154.3,154.89,17439412
2022-02-10,160.8,163.53,158.93,159.77,15846103
2022-02-09,162.57,164.11,161.9,164.06,8897790
2022-02-08,158.04,160.93,157.67,160.5,10569885
2022-02-07,159.72,160.67,157.93,158.54,7311339
2022-02-04,158.11,161.0,157.44,159.6,14860912
2022-02-03,161.39,162.49,158.37,158.96,13932676
2022-02-02,162.74,163.98,161.64,163.71,12752408
2022-02-01,162.19,162.661,160.04,162.39,11694942
2022-01-31,158.04,162.18,157.27,161.97,14560541
2022-01-28,153.26,158.04,150.98,158.0,22118045
2022-01-27,154.9,155.72,150.83,151.38,19728064
2022-01-26,155.66,157.475,150.62,152.43,26798133
2022-01-25,152.09,154.42,149.8,151.54,24443149
2022-01-24,151.76,155.24,146.24,155.13,33714822
2022-01-21,157.08,158.8899,154.29,154.33,24008262
2022-01-20,160.94,162.745,157.25,157.46,18804527
2022-01-19,162.29,164.29,159.36,159.52,12378272
2022-01-18,163.35,164.32,161.33,161.78,12342043
2022-01-14,163.25,165.86,163.25,165.76,11175680
2022-01-13,169.61,170.1,163.9516,164.37,10471339
2022-01-12,169.2,170.36,167.9,168.74,9071990
2022-01-11,165.53,168.19,164.3,167.95,9582923
2022-01-10,163.46,166.17,161.29,165.96,16250705
2022-01-07,167.36,168.16,164.84,165.93,15244335
2022-01-06,166.98,169.2,166.47,167.47,11883563
2022-01-05,172.65,172.78,168.26,168.32,11814245
2022-01-04,175.82,176.0,172.35,173.66,8323998
2022-01-03,174.1,175.68,173.34,175.52,10151434
2021-12-31,174.55,174.97,173.79,173.87,5075243
2021-12-30,175.95,176.54,174.51,174.72,5263212
2021-12-29,175.79,176.59,174.97,175.88,4843886
2021-12-28,176.98,177.04,175.29,175.73,5711982
2021-12-27,173.63,176.69,173.59,176.65,6639571
2021-12-23,172.21,173.6299,172.19,172.94,4896285
2021-12-22,169.53,172.1,169.08,171.98,6688099
2021-12-21,167.34,169.9,165.79,169.76,8405416
2021-12-20,165.0,166.09,164.36,165.57,16324761
2021-12-17,167.15,169.52,166.28,167.88,22411626
2021-12-16,174.59,174.87,168.01,169.01,15637803
2021-12-15,169.59,174.11,167.98,173.94,14135413
2021-12-14,170.2,171.29,167.41,169.45,13547388
2021-12-13,175.24,175.58,172.03,172.28,10486993
2021-12-10,173.24,175.1,172.73,174.88,12388524
2021-12-09,172.88,174.01,171.3,171.44,8600510
2021-12-08,172.58,173.43,171.39,173.31,11630788
2021-12-07,170.02,172.73,169.9956,172.52,14345548
2021-12-06,165.61,167.2,163.89,166.7,18900173
2021-12-03,168.42,168.94,163.05,165.13,24235027
2021-12-02,164.87,168.71,164.51,167.94,23436247
2021-12-01,170.5,171.79,166.26,166.41,19545620
2021-11-30,169.5,171.05,167.28,168.72,27033357
2021-11-29,168.46,170.595,167.93,170.14,12489882
2021-11-26,167.81,169.11,165.33,165.99,12383935
2021-11-24,168.0,170.28,167.18,170.24,9120520
2021-11-23,168.75,169.55,166.87,169.01,14620677
2021-11-22,171.98,174.25,169.3,169.4,14232502
2021-11-19,170.68,171.96,170.1105,171.31,8858784
2021-11-18,169.36,170.31,168.14,170.07,9984005
2021-11-17,168.57,169.45,167.86,168.39,7708937
2021-11-16,166.94,169.13,166.84,168.9,6769409
2021-11-15,167.98,168.22,166.19,167.14,6245195
2021-11-12,165.85,167.585,165.57,167.31,6115307
2021-11-11,165.71,165.78,165.03,165.3,5051904
2021-11-10,166.0,166.83,164.03,164.53,12894393
2021-11-09,168.23,168.41,166.435,167.29,8367399
2021-11-08,167.62,168.27,167.23,167.98,6390457
2021-11-05,167.44,168.02,166.0409,167.08,12112064
2021-11-04,164.28,166.62,163.99,166.22,14345699
2021-11-03,162.99,164.0,162.04,163.66,12989308
2021-11-02,161.51,163.11,161.51,162.71,11997592
2021-11-01,161.53,161.61,160.47,161.29,12189012
2021-10-29,159.26,161.63,159.07,161.53,10065876
2021-10-28,160.21,160.96,159.91,160.84,6378440
2021-10-27,159.65,160.46,159.08,159.24,8724011
2021-10-26,160.0,160.67,159.3,159.38,6594759
2021-10-25,159.01,159.5001,158.31,158.93,5168556
2021-10-22,158.9,159.56,157.75,158.41,6245006
2021-10-21,157.87,159.045,157.545,158.96,5011583
2021-10-20,158.94,159.17,157.66,158.35,6012667
2021-10-19,157.65,158.79,157.33,158.79,6600707
2021-10-18,155.04,157.31,154.61,157.23,5815132
2021-10-15,155.21,155.94,154.74,155.91,6389617
2021-10-14,152.8,154.74,152.58,154.67,7600209
2021-10-13,150.99,151.59,150.01,151.26,9761744
2021-10-12,151.71,151.9,150.09,150.34,8926658
2021-10-11,151.28,153.15,151.015,151.12,7485264
2021-10-08,153.12,153.23,151.71,151.96,9213492
2021-10-07,152.46,153.71,152.25,152.53,9947806
2021-10-06,148.44,151.26,147.945,151.15,20002378
2021-10-05,148.36,151.025,148.22,150.17,16483772
2021-10-04,150.7,150.875,146.88,148.06,25386520
2021-10-01,149.86,151.9,148.34,151.57,22741929
2021-09-30,151.28,151.93,149.24,149.32,16708259
2021-09-29,151.21,152.0,150.14,150.4,12505979
2021-09-28,153.2,153.55,150.47,150.59,19095344
2021-09-27,155.39,155.75,154.2,155.19,7507472
2021-09-24,155.65,156.97,155.58,156.71,5826250
2021-09-23,155.33,156.97,154.85,156.6,9767336
2021-09-22,153.27,155.13,152.59,154.53,13995333
2021-09-21,153.31,153.685,151.85,152.44,9227485
2021-09-20,152.93,153.71,150.345,152.38,17834652
2021-09-17,157.53,157.54,155.25,155.48,11331497
2021-09-16,157.29,158.1,156.315,157.94,8074251
2021-09-15,157.01,157.975,156.13,157.85,8169647
2021-09-14,157.35,157.67,156.06,156.48,9215775
2021-09-13,157.82,158.23,155.65,156.68,11318867
2021-09-10,159.07,159.46,156.4741,156.63,8540107
2021-09-09,158.9,159.45,158.06,158.19,5580573
2021-09-08,159.38,159.43,157.66,158.79,5733152
2021-09-07,159.55,159.74,158.645,159.4,9862178
2021-09-03,158.54,159.78,158.49,159.36,10602400
2021-09-02,159.49,159.7,158.09,158.73,10885699
2021-09-01,159.41,160.13,158.77,158.9,10145178
2021-08-31,159.8,159.85,158.56,158.86,10985556
2021-08-30,158.47,159.885,158.47,159.7,5013407
2021-08-27,156.63,158.11,156.36,158.0,7044381
2021-08-26,157.29,157.61,156.36,156.49,6028330
2021-08-25,157.94,158.36,157.22,157.48,4715225
2021-08-24,157.95,158.13,157.43,157.57,4768512
2021-08-23,156.15,157.973,156.14,157.75,5401237
2021-08-20,154.34,155.88,153.97,155.74,7384860
2021-08-19,151.43,154.33,151.21,153.76,9645672
2021-08-18,154.04,154.73,152.1,152.27,6740591
2021-08-17,154.74,154.99,153.4431,154.4,9526334
2021-08-16,154.62,155.71,153.31,155.69,4747107
2021-08-13,154.25,155.03,154.08,154.99,2811935
2021-08-12,153.11,154.24,152.48,154.15,3474356
2021-08-11,153.78,154.06,152.49,153.27,5416129
2021-08-10,154.64,154.78,152.805,153.25,5210674
2021-08-09,155.04,155.32,154.21,154.36,3599065
2021-08-06,154.45,155.04,154.41,154.86,3801418
2021-08-05,154.42,155.04,153.96,154.99,3337331
2021-08-04,153.71,154.52,153.22,154.14,5661391
2021-08-03,153.13,153.91,151.89,153.83,5412613
2021-08-02,154.09,154.3,152.64,152.85,6102935
2021-07-30,152.52,153.56,152.48,153.4,5074728
2021-07-29,152.63,154.02,152.61,153.5,5972438
2021-07-28,153.03,153.595,151.33,152.79,6970581
2021-07-27,154.25,154.3,151.05,152.98,9044949
2021-07-26,154.13,154.715,153.55,154.44,4496686
2021-07-23,153.68,154.595,153.13,154.52,6288077
2021-07-22,152.2,153.118,152.2,153.0,4789080
2021-07-21,150.37,151.91,150.09,151.88,6116978
2021-07-20,148.97,151.26,148.11,150.43,7357765
2021-07-19,148.51,148.919,147.37,148.23,12126987
2021-07-16,152.1,152.82,150.15,150.3,7540473
2021-07-15,152.88,153.0,150.99,151.8,6253342
2021-07-14,153.16,153.84,152.39,153.06,6443364
2021-07-13,151.06,153.04,150.93,151.94,7601420
2021-07-12,151.8,151.87,150.83,151.32,4810115
2021-07-09,149.64,151.34,149.42,151.2,4887909
2021-07-08,148.87,150.235,148.2,149.82,8543366
2021-07-07,151.39,151.56,150.04,151.25,7441850
2021-07-06,150.18,151.14,148.99,150.43,5935320
2021-07-02,148.62,150.015,148.58,149.86,6390214
2021-07-01,147.46,147.91,146.91,147.91,5818357
2021-06-30,147.59,148.02,147.2,147.66,5506796
2021-06-29,146.83,147.89,146.49,147.82,4914556
2021-06-28,145.83,146.92,145.8,146.75,6278823
2021-06-25,145.53,145.64,144.99,145.23,7192858
2021-06-24,145.42,145.8425,145.11,145.4,6139494
2021-06-23,144.67,144.995,144.17,144.49,4135464
2021-06-22,143.26,144.73,143.1,144.65,4626583
2021-06-21,141.89,143.43,140.97,143.35,6138321
2021-06-18,142.71,143.27,141.92,142.09,10408302
2021-06-17,141.35,143.9885,141.35,143.4,7932183
2021-06-16,142.8,143.07,140.365,141.76,9594069
2021-06-15,143.3,143.3,142.27,142.53,7539957
2021-06-14,142.11,143.42,141.53,143.41,5713464
2021-06-11,141.31,141.97,141.18,141.97,6050333
2021-06-10,140.39,141.48,139.89,141.13,5637924
2021-06-09,140.68,140.92,140.02,140.1,4881736
2021-06-08,140.66,141.25,139.61,140.0,4451349
2021-06-07,139.9,140.15,139.305,139.99,5891970
2021-06-04,138.22,140.1793,138.22,140.02,5591273
2021-06-03,137.55,138.1,136.54,137.38,6360681
2021-06-02,138.0,139.23,137.74,138.67,5049066
2021-06-01,139.02,139.17,137.47,137.72,6453653
2021-05-28,138.61,139.2,138.33,138.4,4611851
2021-05-27,138.52,139.09,137.88,137.91,5677344
2021-05-26,138.85,139.25,138.19,138.64,6655692
2021-05-25,139.17,139.49,138.34,138.65,5622933
2021-05-24,137.32,139.0899,137.25,138.61,6614516
2021-05-21,137.64,137.77,136.065,136.19,7074194
2021-05-20,134.91,137.395,134.89,136.94,8414074
2021-05-19,131.82,134.47,131.5,134.37,15290626
2021-05-18,135.37,135.65,133.81,133.9,5868626
2021-05-17,135.18,135.22,133.75,134.98,8133575
2021-05-14,134.54,136.445,134.28,135.98,8411544
2021-05-13,132.75,134.245,132.16,133.05,11307520
2021-05-12,133.12,133.85,130.958,131.31,14707256
2021-05-11,132.93,135.39,132.61,135.11,13523408
2021-05-10,138.36,138.43,135.47,135.52,10140538
2021-05-07,139.23,139.85,138.43,139.03,9598536
2021-05-06,136.42,137.93,135.44,137.85,7169589
2021-05-05,137.93,137.9883,136.22,136.48,3205325
2021-05-04,138.27,138.31,135.29,136.81,9959803
2021-05-03,140.45,140.73,138.955,139.31,5402870
2021-04-30,140.19,140.95,139.37,139.7,5291731
2021-04-29,142.91,143.09,140.19,141.63,6708280
2021-04-28,142.245,142.44,141.405,141.75,5345586
2021-04-27,143.66,143.77,142.57,143.08,5411046
2021-04-26,142.75,143.58,142.65,143.43,3867508
2021-04-23,140.86,143.15,140.83,142.7,4446405
2021-04-22,142.02,142.63,139.98,140.6,5826055
2021-04-21,140.6,142.32,140.21,142.27,4627069
2021-04-20,141.81,142.425,140.06,140.85,4936743
2021-04-19,142.66,143.32,141.26,142.11,5127324
2021-04-16,143.44,143.57,142.7,143.3,5848011
2021-04-15,142.2,143.44,142.18,143.33,5514430
2021-04-14,142.4,142.47,140.64,140.91,5608105
2021-04-13,141.63,142.53,141.37,142.42,5658115
2021-04-12,141.19,141.54,140.395,141.09,7953528
2021-04-09,139.91,141.81,139.66,141.77,4700653
2021-04-08,139.72,140.45,139.48,140.42,7072277
2021-04-07,137.58,138.665,137.08,138.42,5042596
2021-04-06,138.06,138.51,137.23,137.69,5658137
2021-04-05,136.27,138.52,136.09,138.28,6433395
2021-04-01,134.26,135.49,134.13,135.48,7175750
2021-03-31,131.73,133.62,131.62,132.81,7715169
2021-03-30,131.05,131.19,129.94,130.73,6617698
2021-03-29,132.27,132.64,130.98,131.98,8658866
2021-03-26,129.31,132.81,129.26,132.67,7441586
2021-03-25,128.69,129.96,127.72,129.38,11286833
2021-03-24,131.84,131.8638,129.44,129.46,7104975
2021-03-23,132.23,132.81,130.7,131.05,6464580
2021-03-22,130.02,132.51,129.81,131.87,7992088
2021-03-19,130.02,130.59,128.98,129.6,13612610
2021-03-18,131.87,132.095,129.83,129.99,8792426
2021-03-17,132.73,134.5,131.7201,133.7,9683241
2021-03-16,133.83,135.09,133.24,133.81,6553407
2021-03-15,131.51,132.89,130.985,132.81,8294043
2021-03-12,130.78,131.45,129.94,131.41,6221073
2021-03-11,131.54,133.1793,131.26,132.36,6681427
2021-03-10,131.51,131.53,129.49,129.59,9229490
2021-03-09,128.77,130.91,128.6,130.11,11493641
2021-03-08,128.83,129.45,125.7,125.83,17621212
2021-03-05,128.14,129.31,124.71,128.95,23042887
2021-03-04,129.02,129.96,124.96,126.56,38477759
2021-03-03,132.12,132.5,129.28,129.42,14944752
2021-03-02,135.09,135.18,132.565,132.76,12401434
2021-03-01,132.91,134.98,132.0701,134.9,12387609
2021-02-26,131.29,132.7,129.53,130.69,17355692
2021-02-25,133.51,134.4,129.42,130.0,17097021
2021-02-24,131.69,134.83,130.68,134.71,8236124
2021-02-23,130.84,133.5,128.61,132.68,12099230
2021-02-22,134.38,134.82,132.97,133.05,7094433
2021-02-19,136.95,137.07,135.44,136.05,5843082
2021-02-18,135.5,136.48,134.53,136.25,5478031
2021-02-17,136.87,137.22,135.54,136.92,7633853
2021-02-16,139.14,139.24,137.78,138.14,4861056
2021-02-12,137.52,138.68,137.14,138.59,3377754
2021-02-11,137.3,137.97,136.77,137.88,3782861
2021-02-10,137.13,137.3,135.22,136.38,4689508
2021-02-09,136.38,137.23,136.3392,136.58,5268560
2021-02-08,135.87,136.8,135.68,136.74,5856858
2021-02-05,136.03,136.05,134.93,135.32,4706874
2021-02-04,134.21,135.62,133.825,135.62,4067118
2021-02-03,134.22,134.5,133.09,133.49,5787414
2021-02-02,133.44,134.34,133.25,133.95,4281294
2021-02-01,130.46,132.8,129.5,132.16,5616337
2021-01-29,131.38,131.9,128.2294,128.93,9511805
2021-01-28,132.17,134.24,131.72,132.04,8090826
2021-01-27,133.39,133.82,130.31,131.5,12242268
2021-01-26,134.41,134.62,133.52,134.03,4296729
2021-01-25,134.33,134.79,130.7,133.94,9102612
2021-01-22,132.78,133.5,132.51,132.83,5621759
2021-01-21,132.35,133.78,131.64,133.34,4474102
2021-01-20,130.0701,132.1,129.89,131.64,5885017
2021-01-19,128.3,129.3,127.85,129.08,5784771
2021-01-15,128.55,129.12,127.16,127.42,6320564
2021-01-14,130.2,130.47,128.55,128.74,7812365
2021-01-13,129.23,130.28,128.98,129.88,6802582
2021-01-12,129.52,129.69,127.83,129.06,8543440
2021-01-11,129.49,130.6,129.14,129.68,8928693
2021-01-08,130.56,131.11,129.28,130.76,6193811
2021-01-07,127.73,130.17,127.68,129.92,9825978
2021-01-06,126.89,128.98,126.12,126.51,13629000
2021-01-05,127.61,128.94,127.53,128.73,6180747
2021-01-04,130.68,130.71,126.24,127.9,10508554
2020-12-31,129.89,130.39,128.97,130.02,5529167
2020-12-30,130.35,130.62,129.64,129.83,4070885
2020-12-29,131.23,131.4,129.67,129.9,4420699
2020-12-28,130.34,130.78,129.73,130.52,3839060
2020-12-24,128.43,129.38,128.34,129.06,2192320
2020-12-23,129.34,129.4345,128.02,128.21,5650370
2020-12-22,128.79,129.77,128.2,129.19,7167621
2020-12-21,126.33,128.14,125.2,128.08,7616125
2020-12-18,128.89,128.91,127.43,128.25,8846673
2020-12-17,128.62,128.98,128.09,128.7,5752497
2020-12-16,127.0,128.14,126.58,127.69,5154629
2020-12-15,126.1,126.83,125.29,126.83,4557288
2020-12-14,124.68,125.87,124.6,124.75,5528014
2020-12-11,123.81,124.3,122.9,124.3,6511630
2020-12-10,123.62,125.15,123.33,124.56,4998714
2020-12-09,126.73,127.105,123.95,124.38,8635910
2020-12-08,126.28,127.21,125.739,126.81,3943420
2020-12-07,126.11,126.77,125.89,126.4,4452714
2020-12-04,124.97,126.06,124.7,126.04,5179357
2020-12-03,125.01,125.63,124.455,124.79,6887703
2020-12-02,124.53,125.01,123.59,124.87,8019437
2020-12-01,124.5,125.75,123.98,125.06,11337537
2020-11-30,122.62,123.66,121.23,123.48,16114637
2020-11-27,122.66,123.18,122.43,122.66,3512927
2020-11-25,122.17,122.52,121.55,122.01,6093186
2020-11-24,120.54,121.985,119.67,121.75,6811896
2020-11-23,120.48,121.27,119.04,120.08,4904344
2020-11-20,121.47,121.5,120.07,120.11,4958384
2020-11-19,120.15,121.58,119.62,121.36,6077626
2020-11-18,121.48,122.06,120.34,120.39,4771764
2020-11-17,121.76,122.35,121.172,121.69,4969705
2020-11-16,121.21,122.59,120.96,122.37,7432091
2020-11-13,121.09,121.45,119.95,121.2,5926508
2020-11-12,121.26,121.86,119.615,120.18,7177078
2020-11-11,119.65,121.59,119.41,121.26,7244276
2020-11-10,119.65,120.49,117.49,118.45,11769185
2020-11-09,124.16,125.36,120.59,120.7,19884050
2020-11-06,120.86,121.97,119.21,121.58,9727649
2020-11-05,120.59,121.5,120.09,121.15,11094927
2020-11-04,116.54,118.38,115.37,117.5,15381903
2020-11-03,112.01,114.1,111.55,113.1,10485071
2020-11-02,111.71,112.62,110.08,111.14,12019857
2020-10-30,111.78,112.48,109.57,110.86,12925097
2020-10-29,111.94,114.68,111.87,113.37,9704469
2020-10-28,114.24,114.31,111.32,111.51,16378339
2020-10-27,116.43,116.935,115.79,116.45,9532363
2020-10-26,117.13,118.065,114.43,115.87,9094576
2020-10-23,118.74,118.76,117.45,118.44,5156729
2020-10-22,119.18,119.57,117.21,118.57,6743249
2020-10-21,119.02,120.27,118.86,119.13,6085884
2020-10-20,119.35,120.57,118.58,119.31,7283499
2020-10-19,121.73,122.19,118.53,118.9,8308206
2020-10-16,122.14,122.63,121.01,121.12,5772118
2020-10-15,120.0,121.71,119.68,121.47,6593821
2020-10-14,122.97,123.62,121.1088,122.02,7277862
2020-10-13,123.86,124.08,122.2,122.67,8806934
2020-10-12,121.95,124.27,121.34,123.46,9581881
2020-10-09,118.93,120.21,118.9,120.18,7212665
2020-10-08,118.79,118.79,117.97,118.37,5054753
2020-10-07,116.85,117.99,116.755,117.76,6496213
2020-10-06,117.18,118.29,115.23,115.64,13431145
2020-10-05,115.76,117.53,115.69,117.46,6135274
2020-10-02,115.03,116.94,114.48,114.94,18625844
2020-10-01,118.32,118.48,117.18,117.93,13538164
2020-09-30,115.67,117.89,115.62,116.7,11159433
2020-09-29,115.97,116.46,115.48,115.73,12225778
2020-09-28,115.83,116.13,114.87,116.12,8736611
2020-09-25,111.34,114.28,110.64,113.94,9663310
2020-09-24,109.63,112.66,109.49,111.28,15919317
2020-09-23,114.28,114.39,110.32,110.66,11853888
2020-09-22,113.71,114.51,111.78,114.22,12768728
2020-09-21,109.5,112.49,109.11,112.44,19190883
2020-09-18,113.91,114.11,110.3821,111.76,20918798
2020-09-17,111.99,114.51,111.81,113.72,15201819
2020-09-16,116.99,117.15,114.56,114.67,9820058
2020-09-15,117.09,117.3,115.685,116.47,9130229
2020-09-14,114.84,115.95,114.3,115.33,12365075
2020-09-11,114.9,115.34,111.52,112.96,18583150
2020-09-10,118.06,118.24,113.14,113.83,16054935
2020-09-09,115.53,117.6001,114.27,116.46,18391935
2020-09-08,113.63,116.33,112.58,112.78,23930197
2020-09-04,119.12,120.82,113.05,118.12,31272148
2020-09-03,125.0,125.1,118.8,119.79,27080966
2020-09-02,127.71,127.72,124.8101,127.03,20197450
2020-09-01,124.66,126.07,123.88,125.91,12809980
2020-08-31,123.65,124.35,122.88,123.55,9519980
2020-08-28,122.57,123.56,122.41,123.16,6546671
2020-08-27,122.5,123.06,120.99,122.09,9087146
2020-08-26,120.81,122.31,120.54,121.99,8231540
2020-08-25,118.69,119.61,118.51,119.56,9314127
2020-08-24,119.64,119.68,117.97,118.96,8220299
2020-08-21,116.57,118.0699,116.51,117.94,7644345
2020-08-20,114.5,116.69,114.38,116.46,6401540
2020-08-19,115.36,115.87,114.735,114.93,7119708
2020-08-18,114.86,115.38,114.1,115.07,4465044
2020-08-17,114.57,114.9,114.43,114.64,4059973
2020-08-14,114.01,114.21,113.25,113.88,4167137
2020-08-13,114.07,114.91,113.55,113.96,5726835
2020-08-12,112.28,114.206,112.14,113.91,7098900
2020-08-11,113.05,113.53,111.15,111.38,9422235
2020-08-10,113.96,114.15,111.885,113.42,8240675
2020-08-07,115.0,115.005,112.84,113.74,13738125
2020-08-06,113.77,115.57,113.515,115.46,8199668
2020-08-05,113.8,114.12,113.29,113.86,6480270
2020-08-04,112.91,113.45,112.42,113.44,8985819
2020-08-03,111.93,113.51,111.88,113.15,12165777
2020-07-31,109.44,110.47,107.661,110.43,12594112
2020-07-30,106.17,107.81,105.6,107.74,10778368
2020-07-29,106.01,107.43,106.01,107.14,6593623
2020-07-28,106.53,106.86,105.53,105.61,8912742
2020-07-27,105.84,106.97,105.63,106.86,8453995
2020-07-24,104.71,105.89,103.47,105.2,11455846
2020-07-23,108.75,109.47,106.005,106.49,11674801
2020-07-22,108.56,109.6706,108.47,109.33,7514035
2020-07-21,110.34,110.38,108.06,108.46,9397131
2020-07-20,107.13,109.82,106.53,109.56,8507493
2020-07-17,106.94,107.13,105.85,106.83,6355174
2020-07-16,106.49,106.79,105.49,106.31,8587831
2020-07-15,108.04,108.57,106.38,107.64,11888674
2020-07-14,105.0,107.21,103.88,107.06,15024053
2020-07-13,109.0,109.72,105.57,105.84,14451180
2020-07-10,107.86,108.13,106.8,108.08,7360163
2020-07-09,108.6,108.62,106.56,108.11,8883936
2020-07-08,106.83,107.73,106.26,107.72,6661803
2020-07-07,106.99,108.07,105.88,105.99,7931883
2020-07-06,106.63,107.61,106.57,107.11,8021545
2020-07-02,105.65,106.22,105.05,105.27,9571127
2020-07-01,104.56,105.27,104.08,104.66,10853706
2020-06-30,102.66,104.91,102.52,104.49,8246580
2020-06-29,101.53,102.66,100.31,102.65,9273601
2020-06-26,103.38,103.53,101.23,101.54,22135104
2020-06-25,102.42,103.69,101.31,103.58,10265454
2020-06-24,104.2,104.78,101.71,102.27,12710857
2020-06-23,104.81,105.83,104.48,104.63,9508806
2020-06-22,102.09,103.97,101.93,103.88,7365608
2020-06-19,104.19,104.31,101.75,102.24,15638477
2020-06-18,102.3,103.06,102.08,102.95,6853710
2020-06-17,103.09,103.46,102.32,102.49,8655904
2020-06-16,102.77,103.39,100.92,102.51,13967902
2020-06-15,97.6,100.82,97.28,100.37,14961914
2020-06-12,100.77,101.27,97.68,99.41,21642002
2020-06-11,102.3,102.45,98.11,98.14,19867498
2020-06-10,103.14,104.89,102.95,104.11,12177473
2020-06-09,101.41,102.9,101.32,102.4,7352624
2020-06-08,101.23,101.96,100.3,101.92,8064775
2020-06-05,99.51,101.7,99.34,101.41,10374918
2020-06-04,99.24,99.93,98.26,98.81,7567925
2020-06-03,99.26,99.95,98.83,99.63,11017779
2020-06-02,98.14,98.86,97.21,98.86,11205634
2020-06-01,97.51,98.15,97.08,97.94,13359668
2020-05-29,97.04,98.2,96.23,97.97,17775891
2020-05-28,96.58,98.52,96.51,96.75,10573507
2020-05-27,96.38,96.98,94.33,96.94,19427251
2020-05-26,98.42,98.49,96.31,96.39,12996045
2020-05-22,96.0,96.61,95.61,96.49,9244780
2020-05-21,97.4,97.69,96.09,96.14,10289933
2020-05-20,96.73,97.68,96.68,97.5,9095087
2020-05-19,95.8,96.89,95.37,95.41,10044653
2020-05-18,95.31,96.3,94.98,95.76,10016631
2020-05-15,91.53,93.49,91.27,93.47,14016291
2020-05-14,91.19,93.06,90.19,93.0,15236049
2020-05-13,93.49,94.21,90.62,91.83,16971130
2020-05-12,95.8,96.07,93.37,93.44,13518621
2020-05-11,94.13,95.97,93.94,95.41,10383091
2020-05-08,94.3,94.91,93.75,94.78,7610799
2020-05-07,93.28,93.94,93.14,93.41,10543577
2020-05-06,92.2,92.92,91.62,92.03,8468509
2020-05-05,91.11,92.48,90.95,91.32,8685557
2020-05-04,88.49,90.17,88.08,90.08,10728122
2020-05-01,89.4,90.65,88.56,88.9,11995097
2020-04-30,92.01,92.01,90.73,91.41,15424169
2020-04-29,90.08,92.14,89.76,91.82,11453647
2020-04-28,90.5,90.56,88.08,88.2,12630288
2020-04-27,89.43,89.69,88.85,89.39,7796264
2020-04-24,87.15,88.65,86.59,88.63,8442440
2020-04-23,87.59,88.58,86.72,86.79,10583972
2020-04-22,86.19,87.87,85.88,87.39,12015908
2020-04-21,86.59,86.8,83.64,84.15,16374752
2020-04-20,88.05,89.22,87.71,87.83,10199073
2020-04-17,89.65,89.67,87.97,89.26,14141010
2020-04-16,88.17,88.31,86.65,88.09,11781997
2020-04-15,87.2,87.74,86.38,87.03,12927709
2020-04-14,87.29,89.13,86.94,88.97,15888399
2020-04-13,84.86,85.51,83.65,85.39,12640579
2020-04-09,86.19,86.63,84.6,85.2,19629825
2020-04-08,84.04,85.53,83.25,85.18,13711647
2020-04-07,86.65,86.68,82.86,82.95,22147335
2020-04-06,80.51,84.25,80.0,83.7,17943617
2020-04-03,77.99,78.83,76.15,77.12,15770397
2020-04-02,76.27,78.43,75.96,78.33,22100093
2020-04-01,77.59,79.25,75.97,76.54,27488142
2020-03-31,81.71,83.18,79.95,80.37,19992762
2020-03-30,79.64,82.09,79.39,81.9,23731733
2020-03-27,79.76,81.26,78.25,78.59,29240539
2020-03-26,78.49,82.51,78.3,82.31,28205754
2020-03-25,78.2,81.09,76.02,77.51,28736192
2020-03-24,74.66,77.67,74.36,77.61,37652654
2020-03-23,70.69,72.22,68.1,70.4,42474076
2020-03-20,76.26,77.04,71.18,71.42,45214637
2020-03-19,73.89,77.39,72.12,74.85,61718935
2020-03-18,72.35,75.82,70.27,74.58,53688031
2020-03-17,74.27,78.44,71.94,77.5,50382362
2020-03-16,71.72,79.21,71.19,72.56,40616547
2020-03-13,80.09,84.38,76.3,84.19,32861253
2020-03-12,77.44,81.9,75.0,75.35,32738768
2020-03-11,85.29,85.82,82.31,83.5,31649960
2020-03-10,85.68,87.65,82.62,87.64,35571095
2020-03-09,81.58,86.0,81.5,82.16,29549698
2020-03-06,87.79,89.44,86.49,88.91,28814751
2020-03-05,91.29,93.03,90.24,90.83,24507339
2020-03-04,91.87,93.82,90.6,93.79,22360390
2020-03-03,94.01,94.66,88.98,89.93,47489104
2020-03-02,89.96,93.5,88.38,93.48,34992338
2020-02-28,84.21,89.21,84.06,88.37,55923255
2020-02-27,89.66,91.56,87.64,87.7,33890280
2020-02-26,92.63,94.71,92.0,92.7,27871416
2020-02-25,96.19,96.54,91.94,92.28,31461908
2020-02-24,94.67,96.71,93.8,95.33,21172740
2020-02-21,101.2,101.29,98.82,99.44,14946985
2020-02-20,102.57,102.82,100.33,101.72,13161422
2020-02-19,102.24,102.94,102.17,102.79,8305437
2020-02-18,101.14,101.8,101.03,101.58,10316562
2020-02-14,101.72,102.13,101.4,101.96,6196212
2020-02-13,100.99,102.05,100.84,101.52,7398138
2020-02-12,101.39,101.83,100.82,101.79,6074012
2020-02-11,101.81,101.9,100.4,100.7,7550575
2020-02-10,99.11,101.06,99.09,101.04,8172448
2020-02-07,100.14,100.53,99.49,99.69,8297875
2020-02-06,100.11,100.64,99.66,100.61,6751775
2020-02-05,100.75,100.8,98.98,99.7,16347079
2020-02-04,98.27,99.33,98.03,99.12,9545543
2020-02-03,95.44,96.83,95.33,96.59,12537221
2020-01-31,97.45,97.5,94.99,95.33,13479750
2020-01-30,97.14,98.11,96.55,98.02,9960588
2020-01-29,97.73,97.87,96.79,97.18,10559661
2020-01-28,95.94,97.19,95.74,96.93,15583707
2020-01-27,95.16,95.86,94.71,95.11,17771346
2020-01-24,98.61,98.83,97.09,97.43,11807711
2020-01-23,97.53,97.97,97.11,97.89,7476729
2020-01-22,97.69,98.11,97.35,97.43,7745838
2020-01-21,96.82,97.64,96.8,97.08,8926101
2020-01-17,96.92,97.21,96.4,97.12,10830425
2020-01-16,95.8,96.49,95.67,96.47,5770497
2020-01-15,95.14,95.65,94.87,95.19,7207678
2020-01-14,95.65,95.74,94.93,95.08,8067325
2020-01-13,94.78,95.64,94.73,95.53,7761569
2020-01-10,94.98,95.11,94.19,94.35,7665295
2020-01-09,94.37,94.63,93.89,94.57,7777365
2020-01-08,92.62,93.92,92.45,93.51,11627205
2020-01-07,92.72,92.98,92.38,92.52,7681782
2020-01-06,91.42,92.66,91.25,92.56,7814969
2020-01-03,92.03,92.98,92.02,92.34,15011834
2020-01-02,92.5,93.39,92.32,93.39,13283116
2019-12-31,91.07,91.77,90.95,91.67,5800856
2019-12-30,91.89,91.9,90.68,91.38,8245519
2019-12-27,92.29,92.29,91.68,91.91,9666092
2019-12-26,91.43,91.94,91.37,91.92,4134648
2019-12-24,91.37,91.37,91.03,91.24,2445364
2019-12-23,91.23,91.44,91.1,91.21,7765181
2019-12-20,90.96,91.06,90.72,90.95,11700395
2019-12-19,90.13,90.73,90.1,90.72,6861907
2019-12-18,90.19,90.42,90.04,90.07,6485083
2019-12-17,90.45,90.49,89.96,90.08,7459650
2019-12-16,90.17,90.6,90.15,90.29,9872268
2019-12-13,88.81,89.69,88.64,89.49,13128051
2019-12-12,87.71,89.03,87.5,88.9,12094681
2019-12-11,87.6,88.04,87.42,87.96,4874805
2019-12-10,87.44,87.83,87.15,87.37,6175442
2019-12-09,87.61,87.89,87.3,87.3,5685139
2019-12-06,87.46,87.84,87.39,87.76,9203420
2019-12-05,86.79,86.87,86.39,86.8,7810087
2019-12-04,86.69,86.76,86.35,86.48,6914337
2019-12-03,85.53,86.19,85.16,86.13,11248166
2019-12-02,88.2,88.2,86.52,86.9,11583759
2019-11-29,88.19,88.33,88.01,88.16,5680094
2019-11-27,88.2,88.42,87.94,88.42,9348084
2019-11-26,87.9,88.15,87.76,87.93,9727242
2019-11-25,86.98,87.85,86.95,87.85,7369728
2019-11-22,86.95,87.09,86.25,86.59,5889966
2019-11-21,86.97,87.07,86.52,86.7,9377672
2019-11-20,87.47,87.73,86.48,87.14,12379508
2019-11-19,87.85,87.93,87.35,87.67,7043647
2019-11-18,87.21,87.63,86.88,87.5,6521146
2019-11-15,87.15,87.24,86.88,87.24,7062323
2019-11-14,86.3,86.61,86.06,86.54,6091340
2019-11-13,86.11,86.72,86.09,86.64,7686117
2019-11-12,86.28,86.77,86.07,86.45,8274914
2019-11-11,85.63,86.28,85.52,86.16,4244032
2019-11-08,85.42,86.12,85.08,86.12,6286529
2019-11-07,85.54,86.12,85.4,85.64,14040669
2019-11-06,85.0,85.05,84.54,84.97,8538592
2019-11-05,85.35,85.38,84.72,85.01,7896708
2019-11-04,85.32,85.37,84.93,85.11,10181197
2019-11-01,83.95,84.67,83.82,84.67,9920592
2019-10-31,83.85,83.94,83.13,83.67,11230389
2019-10-30,83.46,83.82,82.9,83.72,12777545
2019-10-29,83.9,84.05,83.18,83.21,7759592
2019-10-28,83.65,84.01,83.61,83.97,7208976
2019-10-25,81.93,83.02,81.88,82.92,8150221
2019-10-24,81.61,82.0,81.31,81.93,7306274
2019-10-23,80.43,80.76,80.26,80.75,8953625
2019-10-22,81.94,82.23,80.62,80.68,9233062
2019-10-21,81.39,81.82,81.1,81.78,6345470
2019-10-18,81.57,81.69,80.4,80.91,8726315
2019-10-17,82.13,82.36,81.26,81.69,6866140
2019-10-16,81.97,82.01,81.55,81.85,10125533
2019-10-15,81.85,82.62,81.77,82.42,8118955
2019-10-14,81.49,81.86,81.48,81.52,5666318
2019-10-11,81.45,82.29,81.32,81.57,15995820
2019-10-10,79.83,80.78,79.77,80.46,9353146
2019-10-09,79.56,80.21,79.44,79.91,10278855
2019-10-08,79.69,79.93,78.73,78.74,14480806
2019-10-07,80.28,80.88,80.15,80.21,10619458
2019-10-04,79.8,80.65,79.72,80.55,11020568
2019-10-03,78.25,79.27,77.28,79.24,17476207
2019-10-02,79.25,79.27,77.69,78.28,19759463
2019-10-01,80.89,81.43,79.75,79.78,11022487
2019-09-30,80.03,80.72,79.92,80.53,11006788
2019-09-27,80.77,80.94,79.09,79.69,12782103
2019-09-26,80.65,81.05,80.14,80.77,9113911
2019-09-25,79.62,80.9,78.89,80.68,11963053
2019-09-24,81.04,81.35,79.39,79.73,17731003
2019-09-23,80.27,80.75,80.1,80.51,7889342
2019-09-20,81.47,81.51,80.05,80.26,15085788
2019-09-19,81.53,82.18,81.35,81.46,8204560
2019-09-18,81.16,81.34,80.18,81.28,8797290
2019-09-17,81.02,81.29,80.83,81.29,7705897
2019-09-16,80.49,81.14,80.41,80.96,7725682
2019-09-13,81.63,81.63,81.07,81.16,16533550
2019-09-12,81.82,82.42,81.42,81.76,12770757
2019-09-11,80.73,81.34,80.56,81.32,9399126
2019-09-10,80.52,80.52,79.57,80.48,9858474
2019-09-09,81.88,81.92,80.46,80.89,12609368
2019-09-06,81.75,81.79,81.28,81.5,9150075
2019-09-05,80.95,81.9,80.91,81.57,10043286
2019-09-04,79.41,79.94,79.33,79.9,7729354
2019-09-03,78.87,79.57,78.28,78.56,11837511
2019-08-30,80.07,80.17,78.96,79.53,10075423
2019-08-29,79.25,79.79,78.97,79.55,8121072
2019-08-28,77.7,78.32,77.14,78.19,7139488
2019-08-27,78.75,78.89,77.67,78.12,10033044
2019-08-26,78.12,78.27,77.59,78.24,10358523
2019-08-23,79.37,80.1,76.85,77.17,20399029
2019-08-22,80.21,80.39,79.1,79.81,7594419
2019-08-21,79.83,80.2,79.64,80.0,8403058
2019-08-20,79.37,79.77,79.03,79.07,8337949
2019-08-19,79.51,79.71,79.06,79.47,7878240
2019-08-16,77.61,78.4428,77.5,78.28,10862450
2019-08-15,77.03,77.22,76.17,76.82,15668558
2019-08-14,77.94,78.29,76.76,76.96,23569346
2019-08-13,77.39,79.7,77.22,79.4,26082725
2019-08-12,77.95,78.24,77.1,77.46,11988423
2019-08-09,78.92,79.14,77.89,78.49,15572602
2019-08-08,78.11,79.41,77.91,79.39,15991578
2019-08-07,76.13,77.7,75.71,77.49,20582422
2019-08-06,76.77,77.29,76.13,77.01,19150939
2019-08-05,76.94,77.05,75.14,75.75,27826563
2019-08-02,79.71,79.74,78.33,79.05,22371946
2019-08-01,80.91,82.62,79.96,80.36,28833005
2019-07-31,82.45,82.54,79.92,80.77,16869250
2019-07-30,81.97,82.36,81.79,82.01,7366949
2019-07-29,82.63,82.68,81.9,82.54,8473219
2019-07-26,82.45,82.75,82.37,82.59,11120160
2019-07-25,82.57,82.57,81.9708,82.41,9923306
2019-07-24,81.96,82.78,81.96,82.75,9257101
2019-07-23,82.09,82.15,81.46,82.07,5505508
2019-07-22,81.0,81.82,80.99,81.62,6924663
2019-07-19,81.85,81.88,80.59,80.69,11679742
2019-07-18,80.26,81.16,80.2,81.04,8022393
2019-07-17,80.8,80.98,80.43,80.44,6708000
2019-07-16,81.31,81.32,80.51,80.65,8005994
2019-07-15,81.36,81.51,81.18,81.41,6286126
2019-07-12,80.8,81.19,80.66,81.14,7753421
2019-07-11,80.45,80.86,80.28,80.55,11352423
2019-07-10,80.06,80.73,80.0,80.25,10108944
2019-07-09,78.93,79.68,78.81,79.62,9249826
2019-07-08,79.33,79.44,78.97,79.34,7459937
2019-07-05,79.45,80.09,79.16,79.95,5924127
2019-07-03,79.69,80.1,79.53,80.1,5341772
2019-07-02,79.24,79.54,79.06,79.49,7784480
2019-07-01,79.83,79.93,78.95,79.28,14290707
2019-06-28,78.29,78.38,77.8,78.04,17783356
2019-06-27,78.11,78.32,77.88,78.05,6837616
2019-06-26,77.77,78.4,77.75,77.85,9069181
2019-06-25,78.42,78.49,76.93,77.02,13122665
2019-06-24,78.45,78.715,78.34,78.46,8216118
2019-06-21,78.39,78.99,78.28,78.31,20715371
2019-06-20,78.96,79.22,78.3,78.96,13891896
2019-06-19,77.74,78.02,77.21,77.82,12371290
2019-06-18,76.97,77.92,76.73,77.54,16181183
2019-06-17,76.15,76.54,75.99,76.16,9351130
2019-06-14,76.07,76.35,75.77,76.1,8441689
2019-06-13,76.81,77.04,76.49,76.77,9867761
2019-06-12,76.6,76.81,76.36,76.54,7596943
2019-06-11,77.75,77.83,76.53,76.97,11550125
2019-06-10,76.74,77.69,76.74,76.97,13463779
2019-06-07,75.19,76.64,75.04,76.19,11992069
2019-06-06,74.14,74.95,73.8,74.8,11922461
2019-06-05,73.96,74.11,73.1,73.94,14395841
2019-06-04,71.53,72.99,71.17,72.99,15096174
2019-06-03,72.0,72.4,70.15,70.63,19703698
2019-05-31,72.23,72.57,71.86,71.89,12039782
2019-05-30,72.83,73.26,72.61,73.11,11420530
2019-05-29,72.55,73.01,72.17,72.66,14754806
2019-05-28,73.53,74.0,73.05,73.09,25772770
2019-05-24,73.68,74.06,73.22,73.3,11750019
2019-05-23,73.58,73.62,72.74,73.28,16085696
2019-05-22,74.49,75.04,74.45,74.59,11521081
2019-05-21,74.85,75.22,74.68,74.98,14841128
2019-05-20,74.11,74.69,73.71,74.07,14673932
2019-05-17,75.21,76.4,75.2,75.38,13543996
2019-05-16,75.35,76.54,75.25,75.99,15444976
2019-05-15,73.97,75.53,73.85,75.3,15048875
2019-05-14,73.68,74.95,73.62,74.49,18404280
2019-05-13,74.03,74.47,73.1,73.31,25461207
2019-05-10,75.45,76.52,74.36,76.18,19596295
2019-05-09,75.51,76.19,74.66,75.94,19300910
2019-05-08,76.3,77.12,76.17,76.46,13667465
2019-05-07,77.35,77.65,75.85,76.55,20625711
2019-05-06,76.96,78.36,76.66,78.23,13022479
2019-05-03,78.38,78.91,78.27,78.84,13288420
2019-05-02,78.49,79.06,77.68,78.1,24988752
2019-05-01,79.5,79.7,78.5,78.51,15446826
2019-04-30,78.54,78.82,78.1,78.71,18842869
2019-04-29,78.57,78.83,78.49,78.58,10613331
2019-04-26,78.38,78.58,77.72,78.56,11050219
2019-04-25,79.24,79.46,78.44,78.86,11387585
2019-04-24,78.91,79.24,78.76,78.88,10938268
2019-04-23,78.12,78.95,78.04,78.85,16693005
2019-04-22,77.46,78.03,77.39,78.0,8084368
2019-04-18,77.77,77.84,77.24,77.82,11491949
2019-04-17,77.66,77.7,77.22,77.6,12247872
2019-04-16,77.02,77.25,76.8,77.17,9609547
2019-04-15,76.81,77.0,76.37,76.78,9910693
2019-04-12,76.71,76.81,76.28,76.81,8555372
2019-04-11,76.54,76.56,76.12,76.28,7697338
2019-04-10,75.92,76.4,75.88,76.38,8617805
2019-04-09,75.88,76.16,75.68,75.85,13440126
2019-04-08,75.74,76.25,75.42,76.21,7309911
2019-04-05,75.81,76.0,75.68,75.92,6709785
2019-04-04,75.85,76.05,75.11,75.56,11503077
2019-04-03,75.72,76.26,75.58,75.88,13869223
2019-04-02,75.07,75.37,74.84,75.27,11787177
2019-04-01,74.72,75.1,74.3,75.01,12590504
2019-03-29,73.89,74.03,73.53,74.0,14347178
2019-03-28,73.2,73.58,72.83,73.28,10539704
2019-03-27,73.51,73.79,72.34,72.98,15831176
2019-03-26,73.64,74.11,72.97,73.4,13965286
2019-03-25,73.08,73.49,72.53,73.0,21946894
2019-03-22,74.7,75.01,73.29,73.32,26747361
2019-03-21,73.26,75.25,73.25,75.09,27274148
2019-03-20,73.37,73.85,72.81,73.25,13704293
2019-03-19,73.6,73.8,73.16,73.45,16153202
2019-03-18,73.04,73.49,72.85,73.3,14837637
2019-03-15,72.37,73.32,72.32,72.99,21024520
2019-03-14,72.32,72.57,72.15,72.35,10656663
2019-03-13,72.04,72.63,72.0,72.2,17833630
2019-03-12,71.51,71.97,71.29,71.73,18050877
2019-03-11,70.06,71.38,70.06,71.31,14577194
2019-03-08,68.98,69.87,68.84,69.81,12890714
2019-03-07,70.29,70.35,69.59,69.82,18498286
2019-03-06,70.81,70.89,70.4,70.49,13122115
2019-03-05,71.03,71.12,70.64,70.86,8953880
2019-03-04,71.64,71.82,70.28,71.07,15826472
2019-03-01,71.42,71.53,70.77,71.34,12334027
2019-02-28,70.8,71.13,70.68,70.86,9438331
2019-02-27,70.86,71.15,70.33,71.06,9777532
2019-02-26,70.73,71.33,70.67,71.13,14133959
2019-02-25,71.17,71.47,70.93,70.98,20170501
2019-02-22,70.07,70.68,70.05,70.64,12246686
2019-02-21,69.55,70.025,69.32,69.75,9754061
2019-02-20,69.7,70.01,69.35,69.72,9852085
2019-02-19,69.34,69.85,69.27,69.64,8319114
2019-02-15,69.59,69.69,69.23,69.62,7356002
2019-02-14,68.69,69.32,68.64,69.07,9742013
2019-02-13,69.2,69.45,68.91,68.95,9120886
2019-02-12,68.43,68.95,68.33,68.86,9709099
2019-02-11,68.2,68.41,67.8,67.96,7434660
2019-02-08,66.99,67.99,66.95,67.99,8488796
2019-02-07,67.91,68.2,67.14,67.6,14632128
2019-02-06,68.39,68.73,68.13,68.54,10189649
2019-02-05,67.97,68.48,67.89,68.31,12060664
2019-02-04,66.76,67.75,66.71,67.74,7604287
2019-02-01,66.31,67.03,66.21,66.67,9737796
2019-01-31,66.01,66.64,65.8,66.28,18250916
2019-01-30,65.42,66.54,65.13,66.35,16995325
2019-01-29,65.18,65.19,64.25,64.35,8573987
2019-01-28,64.95,65.07,64.51,65.05,9662469
2019-01-25,65.5,66.13,65.26,65.93,10030815
2019-01-24,64.7,65.24,64.67,65.01,14170898
2019-01-23,64.52,65.0,63.75,64.47,9576120
2019-01-22,64.82,64.93,63.74,64.25,14992512
2019-01-18,65.01,65.48,64.59,65.35,13651550
2019-01-17,63.73,64.74,63.56,64.37,10128415
2019-01-16,63.97,64.35,63.84,63.96,9468643
2019-01-15,63.15,64.03,63.04,63.9,14326996
2019-01-14,62.98,63.17,62.73,62.95,7242062
2019-01-11,63.29,63.58,63.15,63.54,7725602
2019-01-10,62.88,63.69,62.59,63.66,10934086
2019-01-09,62.91,63.71,62.84,63.38,14022385
2019-01-08,62.65,62.87,61.83,62.57,13002603
2019-01-07,61.5,62.47,61.36,62.05,11908943
2019-01-04,59.97,61.76,59.78,61.5,20767979
2019-01-03,60.44,60.48,58.81,58.89,24946730
2019-01-02,60.71,62.39,60.63,62.02,15442924
2018-12-31,61.93,62.21,61.46,61.98,16860072
2018-12-28,61.99,62.4218,60.87,61.4,19843317
2018-12-27,60.25,61.56,59.08,61.54,23438844
2018-12-26,58.02,61.1,57.69,61.1,29060164
2018-12-24,58.64,59.36,57.57,57.62,21117015
2018-12-21,61.07,61.82,58.94,59.2,41613704
2018-12-20,62.17,62.8,60.43,61.32,39501833
2018-12-19,63.61,64.74,61.76,62.44,33606339
2018-12-18,63.69,64.25,63.19,63.7,19626573
2018-12-17,64.33,64.77,62.69,63.2,23263471
2018-12-14,65.4,65.76,64.51,64.57,15516205
2018-12-13,66.4,66.89,65.81,66.19,12819551
2018-12-12,66.63,67.12,66.05,66.08,16928906
2018-12-11,66.51,66.64,65.04,65.57,15813349
2018-12-10,64.24,65.74,63.87,65.49,20447973
2018-12-07,66.64,66.94,64.3,64.6,19937805
2018-12-06,65.24,66.96,64.91,66.96,21578006
2018-12-04,68.95,69.1,66.65,66.81,20991080
2018-12-03,69.64,69.71,68.69,69.44,16231664
2018-11-30,67.34,67.99,67.01,67.94,16509839
2018-11-29,67.75,67.85,66.94,67.3,14115418
2018-11-28,66.32,67.96,66.07,67.96,16609706
2018-11-27,65.08,65.76,64.7,65.66,11538209
2018-11-26,64.92,65.53,64.58,65.53,12534629
2018-11-23,63.98,64.79,63.9465,64.08,5338114
2018-11-21,65.07,65.33,64.4,64.67,16503284
2018-11-20,63.78,65.07,63.38,64.2,28064763
2018-11-19,67.89,67.96,65.43,65.61,19198619
2018-11-16,67.52,68.62,67.38,68.21,17973021
2018-11-15,66.76,68.48,66.37,68.32,26301445
2018-11-14,68.21,68.35,66.31,66.65,19496735
2018-11-13,67.54,68.62,67.26,67.46,15703538
2018-11-12,69.2,69.32,67.3,67.38,16431059
2018-11-09,70.46,70.52,69.25,69.84,12941931
2018-11-08,70.86,71.16,70.62,71.07,10409749
2018-11-07,69.9,71.13,69.81,71.13,16314800
2018-11-06,68.61,69.43,68.55,69.1,9134209
2018-11-05,68.7,68.81,67.68,68.67,14208230
2018-11-02,69.57,69.98,68.16,68.74,20213140
2018-11-01,69.4,70.16,68.81,70.11,15553097
2018-10-31,68.7,69.85,68.67,69.3,21144140
2018-10-30,66.88,67.93,66.31,67.69,30560929
2018-10-29,69.03,69.52,65.59,66.94,34055312
2018-10-26,67.75,69.33,67.11,68.09,42743594
2018-10-25,68.13,69.84,68.02,69.48,23377176
2018-10-24,70.14,70.31,67.09,67.17,34165356
2018-10-23,69.12,70.69,68.42,70.32,24066081
2018-10-22,70.34,71.05,69.92,70.59,15981011
2018-10-19,70.45,71.21,69.75,70.01,22141736
2018-10-18,71.12,71.17,69.62,70.04,22960568
2018-10-17,71.86,71.91,70.8,71.44,24164921
2018-10-16,70.55,72.0,70.38,71.77,20999283
2018-10-15,70.57,70.63,69.63,69.67,19152748
2018-10-12,70.57,71.06,69.45,70.83,35909369
2018-10-11,69.31,70.49,68.07,68.63,68269507
2018-10-10,72.61,72.62,69.46,69.51,44143000
2018-10-09,72.76,73.48,72.61,73.05,15138932
2018-10-08,73.27,73.5,71.96,72.79,19973003
2018-10-05,74.53,74.76,72.9,73.62,22288724
2018-10-04,75.56,75.62,74.07,74.56,23292417
2018-10-03,75.96,76.27,75.79,75.93,13292564
2018-10-02,75.6,76.13,75.36,75.7,14006955
2018-10-01,75.81,76.0,75.46,75.69,10334066
2018-09-28,74.84,75.4,74.8,75.33,11710568
2018-09-27,74.88,75.26,74.88,75.05,14233197
2018-09-26,74.97,75.3,74.48,74.61,13320561
2018-09-25,74.89,75.04,74.58,74.89,10550528
2018-09-24,74.25,74.99,73.96,74.98,17256802
2018-09-21,75.19,75.31,74.58,74.61,23020545
2018-09-20,74.72,75.24,74.49,75.16,13700995
2018-09-19,74.46,74.71,73.86,74.28,10435469
2018-09-18,73.91,74.83,73.91,74.47,9650997
2018-09-17,74.83,74.96,73.92,74.0,14792111
2018-09-14,75.07,75.27,74.6,74.94,9439156
2018-09-13,74.59,75.19,74.57,75.0,12727444
2018-09-12,74.28,74.29,73.53,74.13,16268233
2018-09-11,73.6,74.6,73.42,74.44,13595012
2018-09-10,73.85,73.95,73.41,73.81,16654881
2018-09-07,73.35,74.17,73.27,73.58,14230964
2018-09-06,74.26,74.42,73.25,73.83,13978783
2018-09-05,75.21,75.27,73.99,74.37,16426553
2018-09-04,75.25,75.42,74.8,75.31,11073920
2018-08-31,75.47,75.8,75.34,75.6,10269170
2018-08-30,75.56,76.03,75.31,75.54,10520312
2018-08-29,75.18,75.82,75.17,75.77,11182347
2018-08-28,75.11,75.26,74.88,75.09,7385363
2018-08-27,74.68,75.0,74.48,74.96,8207455
2018-08-24,73.74,74.3,73.73,74.28,6557635
2018-08-23,73.25,73.94,73.25,73.54,9367818
2018-08-22,72.94,73.49,72.83,73.38,6371245
2018-08-21,73.24,73.62,73.07,73.16,8002432
2018-08-20,73.32,73.34,72.75,73.04,10619833
2018-08-17,72.82,73.35,72.58,73.15,9024155
2018-08-16,73.28,73.48,72.88,73.04,9104839
2018-08-15,72.92,73.19,72.15,72.72,17792225
2018-08-14,73.18,73.4662,72.77,73.38,9179535
2018-08-13,73.14,73.7,72.91,72.93,12064769
2018-08-10,73.07,73.38,72.82,73.03,11569162
2018-08-09,73.66,73.9,73.56,73.62,11723235
2018-08-08,73.35,73.73,73.16,73.59,7099160
2018-08-07,73.37,73.65,73.26,73.39,10272737
2018-08-06,72.69,73.15,72.52,73.11,7500345
2018-08-03,72.48,72.72,72.15,72.72,7245702
2018-08-02,70.9,72.55,70.9,72.46,13104923
2018-08-01,71.43,71.79,71.17,71.56,14661395
2018-07-31,70.95,71.38,70.53,70.92,14977005
2018-07-30,71.81,71.92,70.32,70.73,17847711
2018-07-27,73.19,73.24,71.4,71.85,31777544
2018-07-26,72.97,73.34,72.84,73.1,12547190
2018-07-25,73.34,74.24,73.23,74.24,15288805
2018-07-24,73.65,73.94,73.02,73.32,10778640
2018-07-23,72.4,72.96,72.11,72.92,12575508
2018-07-20,72.81,72.95,72.46,72.55,7219886
2018-07-19,72.61,72.89,72.4,72.53,7455318
2018-07-18,72.89,72.9,72.53,72.79,7081957
2018-07-17,71.85,73.03,71.81,72.91,7451575
2018-07-16,72.56,72.71,72.23,72.37,6665953
2018-07-13,72.63,72.72,72.3,72.54,9258443
2018-07-12,71.8,72.66,71.72,72.62,11853325
2018-07-11,71.26,71.77,71.15,71.49,12975071
2018-07-10,71.61,71.97,71.61,71.77,11493129
2018-07-09,71.44,71.62,71.07,71.6,8727604
2018-07-06,70.28,71.17,70.11,71.06,12802009
2018-07-05,69.69,70.28,69.49,70.24,13659996
2018-07-03,70.3,70.35,69.21,69.26,6361411
2018-07-02,68.87,70.11,68.77,70.09,12545908
2018-06-29,69.77,70.07,69.43,69.47,10009814
2018-06-28,68.57,69.73,68.57,69.5,17799048
2018-06-27,69.83,70.15,68.64,68.66,22054604
2018-06-26,69.55,70.07,69.38,69.61,13862844
2018-06-25,70.23,70.3,68.72,69.33,18027741
2018-06-22,71.21,71.23,70.51,70.8,15739988
2018-06-21,71.86,71.9,70.86,71.03,14817113
2018-06-20,71.6,71.92,71.5,71.58,11465613
2018-06-19,70.92,71.46,70.52,71.43,12956679
2018-06-18,71.22,71.85,71.0,71.8,8290200
2018-06-15,71.74,71.83,71.29,71.72,16820622
2018-06-14,72.02,72.43,71.91,72.25,11327426
2018-06-13,72.11,72.43,71.71,71.74,14639032
2018-06-12,71.89,72.17,71.77,72.11,7813398
2018-06-11,71.72,71.99,71.56,71.76,7323505
2018-06-08,71.26,71.81,71.11,71.68,9904779
2018-06-07,72.34,72.34,71.28,71.8,19523632
2018-06-06,72.03,72.38,71.66,72.38,17689542
2018-06-05,71.84,72.04,71.64,71.91,17274761
2018-06-04,71.27,71.73,71.2,71.66,9933038
2018-06-01,70.37,71.1,70.25,71.09,12722885
2018-05-31,69.88,70.36,69.74,69.9,15284031
2018-05-30,69.72,69.97,69.52,69.88,9965160
2018-05-29,69.4,69.76,68.91,69.37,29330387
2018-05-25,69.85,70.0,69.58,69.75,9391355
2018-05-24,69.86,69.94,69.1,69.8,11200659
2018-05-23,68.8,69.88,68.79,69.88,14693760
2018-05-22,69.81,69.91,69.22,69.37,7391047
2018-05-21,69.5,69.81,69.12,69.47,11289236
2018-05-18,68.93,69.24,68.81,68.87,7882919
2018-05-17,69.27,69.74,68.88,69.16,10800144
2018-05-16,69.32,69.68,69.16,69.52,6680485
2018-05-15,69.38,69.44,68.85,69.21,14262592
2018-05-14,70.11,70.42,69.8,69.87,10130922
2018-05-11,69.91,70.15,69.65,69.88,8760648
2018-05-10,69.4,70.03,69.33,69.98,11566266
2018-05-09,68.41,69.08,68.19,69.08,14413339
2018-05-08,67.98,68.3,67.67,68.24,15147426
2018-05-07,67.94,68.41,67.83,68.09,13457406
2018-05-04,66.11,67.74,66.03,67.62,10841288
2018-05-03,65.91,66.61,65.33,66.36,15545417
2018-05-02,66.7,66.95,66.09,66.21,13293729
2018-05-01,65.37,66.32,65.21,66.28,9273887
2018-04-30,66.06,66.47,65.38,65.46,8686115
2018-04-27,66.67,66.72,65.54,65.89,13156483
2018-04-26,65.64,66.27,65.37,66.01,16543440
2018-04-25,64.92,65.05,64.0,64.83,15290279
2018-04-24,66.35,66.46,64.35,64.82,17423809
2018-04-23,66.46,66.65,65.66,65.97,18960253
2018-04-20,66.94,66.99,65.93,66.21,16238478
2018-04-19,67.46,67.53,66.9,67.14,12905816
2018-04-18,68.0,68.15,67.48,67.89,9882220
2018-04-17,67.42,68.29,67.3,68.07,15222774
2018-04-16,66.78,67.08,66.39,66.83,9738678
2018-04-13,67.0,67.03,66.0,66.32,11210766
2018-04-12,66.16,66.83,66.07,66.54,10628033
2018-04-11,65.73,66.34,65.64,65.75,8657765
2018-04-10,65.57,66.41,65.21,66.14,16116758
2018-04-09,64.52,65.81,64.47,64.55,10929668
2018-04-06,64.98,65.58,63.77,64.05,20238896
2018-04-05,65.99,66.09,65.22,65.66,16369083
2018-04-04,63.31,65.57,63.17,65.39,18149231
2018-04-03,64.34,64.64,63.41,64.49,18050721
2018-04-02,65.16,65.45,63.15,63.86,26017139
2018-03-29,64.61,66.07,64.16,65.42,17933797
2018-03-28,64.43,65.21,63.77,64.15,26810987
2018-03-27,67.13,67.17,64.08,64.58,29748560
2018-03-26,65.59,66.81,64.68,66.72,25125797
2018-03-23,66.0,66.17,64.25,64.28,20950788
2018-03-22,66.97,67.36,65.99,66.04,21195063
2018-03-21,68.05,68.69,67.61,67.79,10933467
2018-03-20,68.06,68.46,67.82,68.2,9382796
2018-03-19,68.96,69.07,67.67,68.23,19868388
2018-03-16,69.8,70.05,69.52,69.61,12202272
2018-03-15,69.88,70.31,69.56,69.9,11501443
2018-03-14,70.27,70.33,69.51,69.86,13881448
2018-03-13,71.09,71.34,69.68,69.92,13809416
2018-03-12,70.72,71.01,70.53,70.73,13506245
2018-03-09,69.69,70.51,69.6,70.51,12342535
2018-03-08,69.11,69.26,68.77,69.2,7623964
2018-03-07,68.01,68.97,68.01,68.9,11109750
2018-03-06,68.76,68.85,68.22,68.52,10151938
2018-03-05,67.36,68.6,67.21,68.37,10888925
2018-03-02,66.28,67.82,66.1,67.68,19196109
2018-03-01,68.33,68.59,66.53,67.04,21486816
2018-02-28,69.05,69.34,68.16,68.17,15232048
2018-02-27,69.39,69.71,68.66,68.66,12790591
2018-02-26,68.58,69.36,68.58,69.36,10797190
2018-02-23,67.44,68.29,67.28,68.29,10386168
2018-02-22,67.04,67.5,66.7,66.89,10979387
2018-02-21,67.5,68.07,66.8,66.81,14551218
2018-02-20,66.84,67.77,66.77,67.24,16917649
2018-02-16,67.08,67.9,67.01,67.18,10167145
2018-02-15,66.65,67.28,65.87,67.28,12152462
2018-02-14,64.47,66.13,64.43,66.02,16058841
2018-02-13,64.3,64.99,64.11,64.83,9542038
2018-02-12,64.21,65.07,63.74,64.67,17814755
2018-02-09,63.01,63.99,60.97,63.53,36350175
2018-02-08,64.87,64.99,61.99,62.01,27814273
2018-02-07,65.37,66.04,64.69,64.69,23712554
2018-02-06,62.84,65.64,62.48,65.53,45134653
2018-02-05,65.77,67.02,63.67,63.7,49279802
2018-02-02,67.74,67.8,66.47,66.48,21964705
2018-02-01,68.2,68.99,68.19,68.51,16324964
2018-01-31,68.34,68.56,68.0,68.45,15348877
2018-01-30,68.0,68.34,67.76,67.94,14831240
2018-01-29,68.99,68.99,68.47,68.56,27589931
2018-01-26,68.58,69.19,68.43,69.19,10048638
2018-01-25,68.66,68.72,67.94,68.11,12975913
2018-01-24,68.94,69.06,68.0,68.23,18509512
2018-01-23,68.68,68.9,68.54,68.76,10230061
2018-01-22,67.75,68.47,67.61,68.46,9002067
2018-01-19,67.8,67.91,67.45,67.8,11947212
2018-01-18,67.55,67.85,67.49,67.67,14922916
2018-01-17,66.93,67.61,66.71,67.55,14688082
2018-01-16,67.22,67.46,66.38,66.55,18221762
2018-01-12,66.34,66.9,66.25,66.81,8154313
2018-01-11,66.3,66.45,66.14,66.42,7887761
2018-01-10,66.02,66.17,65.83,66.15,10407785
2018-01-09,66.68,66.7,66.27,66.38,10606414
2018-01-08,66.27,66.67,66.23,66.55,6733905
2018-01-05,65.95,66.36,65.82,66.3,9677970
2018-01-04,65.54,65.78,65.39,65.61,10746591
2018-01-03,64.86,65.32,64.79,65.28,11331794
2018-01-02,64.21,64.74,64.05,64.74,13722817
2017-12-29,64.33,64.35,63.9,63.95,6693188
2017-12-28,64.37,64.41,64.18,64.29,9658201
2017-12-27,64.12,64.3,64.07,64.18,5346813
2017-12-26,64.14,64.18,63.88,64.11,6219227
2017-12-22,64.47,64.6,64.37,64.54,5485693
2017-12-21,64.82,64.93,64.52,64.58,15941851
2017-12-20,65.01,65.01,64.4,64.71,8965187
2017-12-19,65.0,65.04,64.57,64.73,11976844
2017-12-18,65.02,65.2,64.91,65.13,10760780
2017-12-15,64.03,64.65,63.87,64.56,21305213
2017-12-14,64.23,64.43,64.04,64.07,10946045
2017-12-13,64.35,64.46,64.07,64.15,10356137
2017-12-12,64.11,64.36,63.87,64.13,8397001
2017-12-11,63.57,64.15,63.53,64.15,11421605
2017-12-08,63.72,63.91,63.45,63.6,10059018
2017-12-07,62.95,63.4199,62.91,63.3,11685499
2017-12-06,62.26,63.045,62.105,62.91,13262285
2017-12-05,62.38,63.23,62.11,62.51,13927081
2017-12-04,63.91,63.94,62.43,62.49,16805547
2017-12-01,63.45,63.83,62.59,63.51,19211806
2017-11-30,63.56,64.01,63.33,63.84,21047475
2017-11-29,64.6,64.61,62.84,63.28,33640233
2017-11-28,64.6,64.77,64.34,64.71,11306719
2017-11-27,64.39,64.585,64.28,64.5,6889160
2017-11-24,64.24,64.53,64.22,64.5,4339077
2017-11-22,64.26,64.28,64.03,64.14,12115822
2017-11-21,63.84,64.3,63.79,64.26,8173856
2017-11-20,63.5,63.64,63.41,63.59,6579936
2017-11-17,63.67,63.72,63.305,63.35,8302090
2017-11-16,63.34,63.89,63.34,63.76,7641083
2017-11-15,63.04,63.1266,62.705,62.88,8492534
2017-11-14,63.29,63.42,63.0,63.35,7370757
2017-11-13,63.26,63.56,63.25,63.48,4300290
2017-11-10,63.42,63.55,63.265,63.5,5982504
2017-11-09,63.52,63.61,62.86,63.5,10244746
2017-11-08,63.66,64.02,63.485,64.01,9099887
2017-11-07,63.7,63.72,63.395,63.66,5775620
2017-11-06,63.45,63.65,63.41,63.63,5999930
2017-11-03,63.32,63.55,62.95,63.49,7659654
2017-11-02,62.96,63.05,62.51,62.99,10222694
2017-11-01,63.25,63.33,62.63,62.96,9550669
2017-10-31,62.92,63.0756,62.67,62.95,10111336
2017-10-30,62.56,62.92,62.4434,62.68,8574558
2017-10-27,61.88,62.71,61.88,62.54,14539163
2017-10-26,61.0,61.16,60.855,60.9,9436219
2017-10-25,60.84,61.02,60.25,60.65,9225908
2017-10-24,60.93,61.08,60.731,60.98,8035815
2017-10-23,61.2,61.25,60.74,60.81,7055204
2017-10-20,61.06,61.17,60.96,61.1,7407398
2017-10-19,60.61,60.76,60.29,60.69,6872564
2017-10-18,60.9,60.95,60.68,60.87,6091317
2017-10-17,60.7,60.72,60.52,60.72,5131673
2017-10-16,60.65,60.73,60.51,60.72,8306357
2017-10-13,60.43,60.605,60.43,60.5,5949956
2017-10-12,60.22,60.5,60.14,60.21,6106396
2017-10-11,60.08,60.38,60.08,60.36,4980785
2017-10-10,60.29,60.34,59.85,60.16,5468242
2017-10-09,60.04,60.23,60.0,60.1,6946449
2017-10-06,59.66,59.98,59.64,59.95,5926382
2017-10-05,59.47,59.87,59.44,59.86,6422654
2017-10-04,59.23,59.3799,59.03,59.29,6649636
2017-10-03,59.24,59.355,59.17,59.33,6466221
2017-10-02,59.25,59.3773,58.901,59.19,7571862
2017-09-29,58.8,59.15,58.73,59.1,12427537
2017-09-28,58.48,58.725,58.36,58.7,5589237
2017-09-27,58.3,58.81,58.21,58.63,7635478
2017-09-26,58.14,58.28,57.86,58.04,9053314
2017-09-25,58.33,58.33,57.57,57.83,13565901
2017-09-22,58.3,58.6,58.27,58.52,4824802
2017-09-21,58.79,58.79,58.3,58.49,8103704
2017-09-20,59.04,59.06,58.4,58.81,8950822
2017-09-19,58.88,59.17,58.73,59.05,5616132
2017-09-18,58.83,59.005,58.57,58.79,10411964
2017-09-15,58.45,58.79,58.35,58.74,13123809
2017-09-14,58.69,58.975,58.58,58.71,7626601
2017-09-13,58.92,58.93,58.68,58.91,8128285
2017-09-12,59.02,59.1,58.72,58.99,7861747
2017-09-11,58.49,58.91,58.49,58.85,7037299
2017-09-08,58.42,58.5,57.985,58.03,6259222
2017-09-07,58.5,58.63,58.29,58.51,7693809
2017-09-06,58.44,58.52,58.06,58.31,9113735
2017-09-05,58.61,58.715,57.87,58.26,11901718
2017-09-01,58.98,59.03,58.705,58.78,6013134
2017-08-31,58.62,58.93,58.55,58.83,9425768
2017-08-30,58.12,58.52,57.985,58.48,7654021
2017-08-29,57.34,58.135,57.27,58.06,8689374
2017-08-28,57.84,57.915,57.65,57.81,5993304
2017-08-25,57.9,58.07,57.58,57.7,8333057
2017-08-24,57.9,57.9562,57.42,57.71,8093882
2017-08-23,57.58,57.915,57.56,57.76,8923746
2017-08-22,57.35,57.94,57.31,57.9,8460329
2017-08-21,57.11,57.17,56.67,57.05,7978621
2017-08-18,57.13,57.47,56.85,57.07,16696130
2017-08-17,58.05,58.14,57.13,57.13,12968882
2017-08-16,58.19,58.48,58.08,58.27,9053847
2017-08-15,58.13,58.225,57.92,58.1,7052565
2017-08-14,57.62,58.09,57.5,58.01,9758534
2017-08-11,56.8,57.285,56.73,57.1,14968108
2017-08-10,57.54,57.6,56.675,56.71,14911852
2017-08-09,57.51,57.89,57.48,57.85,6972812
2017-08-08,57.88,58.33,57.72,57.88,10460698
2017-08-07,57.69,57.96,57.665,57.96,7683006
2017-08-04,57.6,57.785,57.48,57.61,4756919
2017-08-03,57.69,57.69,57.305,57.48,10687844
2017-08-02,58.04,58.05,57.25,57.61,12573937
2017-08-01,57.45,57.5,57.24,57.45,8307155
2017-07-31,57.53,57.66,57.1,57.16,10982828
2017-07-28,57.21,57.55,57.16,57.44,10293081
2017-07-27,58.13,58.2,56.79,57.5,23047172
2017-07-26,57.81,57.82,57.53,57.72,10602647
2017-07-25,57.43,57.615,57.25,57.5,6880283
2017-07-24,57.44,57.66,57.32,57.61,5378125
2017-07-21,57.29,57.48,57.23,57.47,5919823
2017-07-20,57.58,57.6,57.21,57.54,10363530
2017-07-19,57.22,57.47,57.17,57.42,6673574
2017-07-18,56.76,57.13,56.62,57.13,9920176
2017-07-17,56.91,57.03,56.76,56.87,9836590
2017-07-14,56.6,56.92,56.52,56.86,6689015
2017-07-13,56.33,56.555,56.23,56.36,8125081
2017-07-12,55.91,56.3,55.875,56.25,16551936
2017-07-11,55.35,55.62,55.14,55.53,6855938
2017-07-10,55.02,55.535,54.94,55.41,5594233
2017-07-07,54.58,55.19,54.54,55.01,8818162
2017-07-06,54.4,54.68,54.25,54.38,12793357
2017-07-05,54.54,54.985,54.36,54.88,14809389
2017-07-03,54.95,55.05,54.28,54.34,16552937
2017-06-30,55.0,55.09,54.67,54.72,15371868
2017-06-29,55.51,55.51,54.33,54.77,20973423
2017-06-28,55.29,55.82,54.92,55.77,12975902
2017-06-27,55.7,55.8,55.08,55.08,12895539
2017-06-26,56.6,56.72,55.94,56.0,9727935
2017-06-23,55.9,56.4392,55.81,56.3,16423571
2017-06-22,56.1,56.14,55.77,55.95,8792805
2017-06-21,55.81,55.96,55.64,55.93,12293150
2017-06-20,56.05,56.08,55.62,55.62,10957735
2017-06-19,55.67,56.11,55.64,56.07,9928799
2017-06-16,55.35,55.3691,55.02,55.25,21611258
2017-06-15,55.19,55.65,54.95,55.57,14750458
2017-06-14,56.31,56.32,55.355,55.82,16180604
2017-06-13,55.96,56.27,55.68,56.09,18293443
2017-06-12,55.44,55.78,54.77,55.69,35705538
2017-06-09,57.52,57.62,55.22,56.02,35142500
2017-06-08,57.41,57.48,57.12,57.44,7102430
2017-06-07,57.26,57.41,57.01,57.31,8703568
2017-06-06,57.17,57.42,57.06,57.13,7685189
2017-06-05,57.19,57.39,57.12,57.24,6765833
2017-06-02,56.88,57.2,56.695,57.19,8490762
2017-06-01,56.65,56.67,56.315,56.67,8436137
2017-05-31,56.83,56.85,56.34,56.53,14246143
2017-05-30,56.4,56.6799,56.33,56.62,5925282
2017-05-26,56.36,56.45,56.235,56.38,36282202
2017-05-25,56.19,56.528,56.0757,56.41,6113436
2017-05-24,55.93,56.02,55.795,56.01,9427533
2017-05-23,55.91,55.97,55.63,55.78,6610474
2017-05-22,55.37,55.75,55.36,55.68,10509198
2017-05-19,55.22,55.41,55.16,55.24,10219114
2017-05-18,54.46,55.13,54.37,54.92,16822248
2017-05-17,55.69,55.74,54.57,54.6,18544954
2017-05-16,56.0,56.13,55.81,56.13,9061070
2017-05-15,55.63,55.87,55.6,55.87,9949265
2017-05-12,55.47,55.59,55.41,55.56,4653845
2017-05-11,55.32,55.45,55.1,55.42,9098048
2017-05-10,55.34,55.53,55.215,55.49,5302044
2017-05-09,55.27,55.425,55.17,55.28,7694281
2017-05-08,55.01,55.2396,54.91,55.21,6070112
2017-05-05,54.86,54.985,54.725,54.97,6825813
2017-05-04,54.83,54.86,54.59,54.77,7579850
2017-05-03,54.73,54.8499,54.5601,54.81,7154453
2017-05-02,54.9,54.99,54.71,54.91,7535068
2017-05-01,54.58,54.855,54.48,54.79,7562960
2017-04-28,54.41,54.49,54.25,54.38,11418367
2017-04-27,54.16,54.28,54.105,54.24,8591719
2017-04-26,54.12,54.21,53.97,54.02,8147176
2017-04-25,54.02,54.1872,53.925,54.08,10044772
2017-04-24,53.75,53.8399,53.63,53.8,8104989
2017-04-21,53.3,53.31,53.07,53.17,7616549
2017-04-20,52.94,53.365,52.86,53.28,7581852
2017-04-19,52.92,53.11,52.7,52.8,7260503
2017-04-18,52.71,52.9411,52.63,52.84,6243585
2017-04-17,52.53,52.87,52.53,52.85,7066033
2017-04-13,52.52,52.87,52.37,52.37,9766588
2017-04-12,52.71,52.765,52.475,52.58,8684215
2017-04-11,52.87,52.945,52.33,52.76,8457095
2017-04-10,53.09,53.215,52.8549,52.96,4843637
2017-04-07,53.01,53.2,52.87,53.06,6469388
2017-04-06,53.14,53.25,52.96,53.09,6935088
2017-04-05,53.35,53.71,53.03,53.08,10477873
2017-04-04,53.04,53.3,53.02,53.3,7520797
2017-04-03,53.36,53.44,52.935,53.26,13017887
2017-03-31,53.36,53.49,53.2543,53.31,6103498
2017-03-30,53.27,53.4752,53.23,53.41,8754343
2017-03-29,53.2,53.34,53.08,53.31,5705132
2017-03-28,52.79,53.34,52.7,53.22,8453958
2017-03-27,52.4,52.95,52.33,52.84,6845008
2017-03-24,52.98,53.16,52.655,52.84,13140900
2017-03-23,52.86,53.02,52.715,52.8,11359352
2017-03-22,52.62,53.02,52.55,52.94,11383320
2017-03-21,53.53,53.66,52.59,52.61,14905546
2017-03-20,53.35,53.5087,53.24,53.3706,4541841
2017-03-17,53.43,53.51,53.32,53.34,6895356
2017-03-16,53.6,53.6151,53.3713,53.43,10977953
2017-03-15,53.12,53.49,52.96,53.4,8933564
2017-03-14,53.12,53.12,52.835,53.04,7239872
2017-03-13,53.11,53.22,53.06,53.16,7461245
2017-03-10,53.08,53.22,52.89,53.11,7354788
2017-03-09,52.85,52.91,52.57,52.83,7650187
2017-03-08,52.84,53.0,52.765,52.84,5680931
2017-03-07,52.74,53.0,52.7,52.78,6980276
2017-03-06,52.64,52.87,52.55,52.78,6715162
2017-03-03,52.7,52.86,52.59,52.86,7856975
2017-03-02,53.04,53.05,52.71,52.74,7170112
2017-03-01,52.67,53.16,52.55,53.09,9095297
2017-02-28,52.51,52.56,52.27,52.35,7620997
2017-02-27,52.62,52.62,52.48,52.6,7975631
2017-02-24,52.2,52.65,52.17,52.63,7772205
2017-02-23,52.59,52.63,52.28,52.51,6702668
2017-02-22,52.41,52.56,52.3,52.52,6884815
2017-02-21,52.3,52.48,52.22,52.46,7618703
2017-02-17,51.95,52.19,51.87,52.19,7087697
2017-02-16,51.96,52.15,51.885,52.01,7061549
2017-02-15,51.68,51.93,51.63,51.89,5947517
2017-02-14,51.49,51.72,51.34,51.72,6233755
2017-02-13,51.41,51.61,51.34,51.55,6579703
2017-02-10,51.29,51.4,51.155,51.32,4177870
2017-02-09,51.04,51.3,51.01,51.17,4870022
2017-02-08,50.97,51.09,50.775,51.01,6353085
2017-02-07,50.82,50.98,50.78,50.92,10053184
2017-02-06,50.62,50.725,50.49,50.72,6726518
2017-02-03,50.55,50.755,50.54,50.69,6833575
2017-02-02,50.31,50.445,50.1,50.36,8598869
2017-02-01,50.54,50.62,50.18,50.46,11681043
2017-01-31,50.17,50.22,49.86,50.08,9550330
2017-01-30,50.57,50.57,50.1,50.33,8446377
2017-01-27,50.72,50.83,50.63,50.74,6022812
2017-01-26,50.67,50.705,50.4,50.54,7125788
2017-01-25,50.47,50.68,50.43,50.68,9197791
2017-01-24,49.85,50.275,49.83,50.2,6510953
2017-01-23,49.75,49.91,49.54,49.89,11977629
2017-01-20,49.75,49.93,49.67,49.8,8755400
2017-01-19,49.6,49.775,49.44,49.53,7250031
2017-01-18,49.61,49.67,49.475,49.6,6157501
2017-01-17,49.53,49.605,49.36,49.47,4825753
2017-01-13,49.51,49.75,49.51,49.66,4832928
2017-01-12,49.44,49.565,49.04,49.51,6862721
2017-01-11,49.31,49.63,49.245,49.63,7586507
2017-01-10,49.4,49.57,49.23,49.4,7735815
2017-01-09,49.43,49.55,49.36,49.39,8313464
2017-01-06,49.04,49.47,48.9,49.4,8750635
2017-01-05,48.91,49.16,48.85,49.04,5502865
2017-01-04,48.83,49.03,48.8,48.96,7223081
2017-01-03,48.67,48.96,48.5,48.79,13940564
