open,high,low,close,volume
101.44,101.95,101.27,101.86,4746745
102.27,102.49,101.51,101.66,5665146
103.13,103.14,102.71,102.94,3605004
103.11,103.23,102.58,102.91,2910075
103.11,103.24,102.73,102.98,2071790
102.94,103.22,102.68,103.11,4770837
102.28,102.93,102.28,102.7,8586532
102.21,102.51,102.05,102.4,6637183
101.9,102.2,101.79,102.0,5202892
102.1,102.25,101.72,101.86,4643626
101.47,102.34,101.47,101.97,7720256
100.85,101.47,100.47,100.88,6433171
100.07,101.28,100.02,100.95,9769053
100.01,100.27,99.82,100.02,6010787
99.69,100.02,99.3,99.93,6027927
100.45,100.47,99.71,99.71,5148857
100.27,100.75,100.2,100.41,5658514
99.81,99.9,98.91,99.75,7390352
99.23,99.88,99.13,99.75,6237642
98.3,98.91,98.03,98.83,7820107
99.69,99.72,98.73,99.05,6682231
99.58,99.81,99.29,99.49,2391998
99.47,99.99,99.38,99.84,6333097
99.4,99.56,99.0,99.33,11073327
98.66,99.43,98.51,99.41,11725689
98.08,98.4,97.87,98.26,6141823
97.72,97.98,97.05,97.91,8801928
97.63,97.97,97.08,97.66,12305624
97.47,97.93,97.22,97.79,9883253
97.37,97.93,97.01,97.13,11251359
95.76,97.63,95.67,97.46,11336773
95.4,95.57,94.85,95.43,6498793
95.05,95.65,94.9,95.42,6575132
94.89,95.65,94.76,95.31,13801545
94.77,94.97,94.48,94.74,6086698
94.38,95.15,94.27,95.13,7756856
94.59,94.74,94.16,94.44,7822916
94.0,94.41,93.71,94.23,13130204
94.72,94.73,93.7,93.91,13236126
95.31,95.36,94.54,94.58,9877775
95.26,95.67,94.85,94.87,14670639
94.68,94.81,94.14,94.75,9675234
94.36,94.9,93.99,94.86,10179744
93.23,94.48,93.0,94.33,13594427
92.3,93.2,92.22,93.01,6903930
91.72,92.31,91.48,92.06,5536598
92.59,92.69,91.63,91.96,6916991
92.02,92.7,91.83,92.43,5549073
92.36,92.95,91.82,91.86,8746301
92.14,92.28,91.48,91.66,4952132
91.84,92.24,91.35,91.76,6784346
91.72,92.36,91.68,92.1,7537106
91.47,91.89,91.27,91.42,7854921
90.89,91.86,90.83,91.54,12622404
89.88,90.34,89.76,89.9,5919186
90.05,91.0,89.9,89.94,10825812
88.5,89.51,88.42,89.2,8139048
88.66,89.02,88.36,88.76,7354890
89.08,89.12,88.1,88.12,10685421
89.76,90.42,89.63,89.83,8249730
89.0,90.18,88.95,90.13,9313580
87.83,88.77,87.2,88.74,12830390
88.97,89.15,87.56,87.95,13505857
90.37,90.57,89.07,89.25,13618966
89.45,90.68,89.39,90.13,8306829
90.03,90.16,89.0,89.33,10017318
90.53,90.56,89.04,89.73,10183791
90.68,90.76,90.1,90.23,7957820
91.85,91.91,90.35,90.67,10615767
91.73,92.06,91.48,91.51,4329101
91.7,92.43,91.69,92.0,9000151
91.55,92.28,91.38,91.87,5084327
91.45,91.56,90.79,91.44,5397831
91.26,91.7,91.13,91.45,3963154
91.01,91.54,90.9,91.31,6668085
91.67,92.25,91.32,91.51,6350964
92.0,92.38,91.51,91.56,9344700
90.84,91.62,90.62,91.59,8124290
89.97,90.7,89.02,90.69,8770748
91.35,91.38,90.1,90.43,10675897
91.21,91.53,91.08,91.27,13166442
90.9,91.22,90.42,91.02,7897419
90.66,90.71,89.71,90.13,9318669
90.07,90.5,89.75,90.07,6437819
90.91,91.09,90.21,90.6,4784137
90.49,90.75,89.91,90.49,4360327
88.85,90.0,88.72,89.81,5691503
90.24,90.55,89.1,89.16,8251963
89.47,89.76,89.1,89.69,8915621
90.7,91.04,88.32,88.76,9822737
91.48,91.69,90.5,90.86,6486943
91.27,91.53,91.04,91.31,5687080
91.45,91.64,90.57,90.64,4709026
91.26,91.65,91.11,91.42,6427436
90.06,90.7861,90.0,90.55,10252416
89.52,89.79,88.87,89.45,12320668
90.75,90.97,89.09,89.14,16426117
90.48,92.17,90.4,91.69,12260613
91.06,91.4,90.16,90.51,7816904
91.13,91.98,90.61,91.4,7253064
90.37,91.38,90.25,91.29,12034822
89.33,90.34,88.2,90.09,12452460
89.36,90.08,88.87,90.06,10135861
90.02,90.38,88.19,88.91,17626233
91.13,91.41,90.46,91.05,15956788
91.15,92.24,90.71,91.26,16422522
91.95,92.33,90.58,91.14,8557587
91.74,92.09,91.36,92.05,7959161
92.12,92.52,91.97,92.45,5887534
92.06,92.24,91.72,92.07,3812448
91.94,92.29,91.54,91.74,6618662
92.0,92.2,91.17,92.19,5430541
91.7,92.28,91.32,92.14,6688591
91.86,91.92,91.49,91.57,5192693
92.93,92.97,91.68,91.76,8105933
92.19,92.87,91.74,92.72,6561567
92.37,92.68,92.19,92.2,9567035
92.57,92.7,92.12,92.18,9092557
92.49,92.86,92.18,92.64,5811267
93.17,93.19,91.8,92.44,11508183
94.11,94.15,92.85,93.48,13691693
93.35,93.71,93.07,93.46,5347279
92.71,93.24,92.7,93.14,5537339
93.39,93.42,92.62,93.05,15201990
94.0,94.23,93.54,93.75,5934272
93.81,94.42,93.8,94.4,4066048
93.18,93.6,92.65,93.6,7952577
93.37,93.41,92.72,93.1,7833409
92.37,92.72,91.84,92.64,9390623
92.01,92.51,91.83,92.33,7416201
92.99,93.0,91.5,91.69,10498431
93.31,93.74,92.77,92.86,14930608
93.61,93.67,93.07,93.24,6493610
93.19,93.91,92.66,93.73,9026071
94.04,94.33,93.14,93.68,9241301
92.46,93.48,92.4,93.27,6988099
92.12,92.76,91.94,92.44,7979937
91.34,91.72,91.21,91.66,4861481
91.5,91.77,91.18,91.25,5056271
91.73,91.73,91.1,91.46,9031760
91.15,91.6,91.06,91.57,5799156
91.73,91.96,90.9,91.13,8317911
91.29,91.575,90.95,91.28,8552839
90.36,91.23,90.33,91.01,9302690
89.75,90.43,89.54,90.07,18840935
89.59,89.82,88.97,89.61,24291851
88.22,89.09,88.11,88.94,15837154
87.36,88.24,87.31,87.49,19370992
87.34,87.69,86.77,87.28,10712975
87.6,88.05,87.51,87.91,12457685
87.85,87.86,86.82,87.43,16302651
89.64,90.18,88.27,88.28,20795950
89.74,90.1,89.34,89.56,9986447
89.29,89.43,88.68,89.43,13545414
88.97,89.94,88.89,89.74,9021899
88.9,89.61,88.84,89.23,11690593
88.06,88.68,87.75,88.4,10757386
87.9,89.14,87.9,88.44,13354085
88.13,89.39,88.07,88.63,15123987
87.22,88.24,86.83,87.94,10587732
87.64,88.29,87.47,87.68,13147143
87.4,88.86,86.9,87.24,17436308
88.59,89.14,87.01,88.91,17771753
88.28,89.17,87.86,88.88,15692261
88.84,89.48,88.34,89.07,13783307
89.92,90.36,88.36,88.88,18011732
88.85,90.85,88.7,90.62,25168305
89.73,90.19,89.58,90.16,13623977
89.01,89.57,88.5,89.48,18927530
89.38,89.73,88.6,89.1,25596449
89.11,89.43,88.48,89.26,11750852
89.04,89.2,88.47,88.85,13264357
88.25,89.04,88.06,89.01,11322007
87.04,88.39,86.68,88.13,16166445
87.36,87.54,86.84,87.23,14612816
85.94,87.79,85.79,87.33,30503353
85.78,86.47,85.51,85.97,18717732
86.04,86.45,84.65,85.92,35300882
88.62,88.64,85.33,85.78,34381753
90.92,91.03,88.17,88.32,14857099
89.92,90.24,89.75,90.17,7921955
90.99,91.02,89.66,89.81,11659326
91.97,92.02,90.24,90.64,8534189
91.85,92.02,91.61,91.77,5433511
91.66,91.94,91.41,91.74,7207595
91.93,92.07,91.33,91.98,5961216
91.59,92.16,91.53,92.0,6262046
91.64,91.75,90.84,91.37,9212386
92.09,92.14,91.29,91.56,7398696
91.91,92.05,91.51,91.68,7002204
92.31,92.45,91.68,91.89,9082046
91.2,91.83,91.0,91.75,10120891
90.7,90.91,90.19,90.66,6726871
91.08,91.29,89.8,90.43,10817460
91.1,91.77,90.55,91.19,8107248
90.78,90.86,89.92,90.57,9893341
91.9,92.24,90.6,90.62,12162589
91.17,92.44,91.04,92.3,7398197
92.47,92.58,91.58,91.94,11123700
92.17,92.84,91.8409,92.58,11308845
92.08,92.17,91.52,91.85,7183529
91.73,92.14,91.41,91.99,10219428
92.03,92.15,91.58,91.91,9283753
91.35,92.31,91.29,92.06,10098311
90.65,91.29,90.52,91.08,8981596
89.64,90.5,89.38,90.42,9694373
89.11,89.45,88.63,89.4,11531179
90.17,90.36,89.28,89.59,14431013
91.65,91.77,90.05,90.3,11662385
91.73,91.97,91.17,91.64,13591690
93.28,93.45,91.06,91.69,15208819
92.22,93.08,92.14,92.95,10795155
91.75,92.25,91.55,91.65,9464107
92.04,92.36,91.61,91.92,9827557
92.47,92.72,92.24,92.35,7288017
93.02,93.24,92.61,92.68,7652584
91.89,92.6332,91.78,92.55,6488091
92.19,92.25,91.3,91.71,8368479
92.4,92.64,92.06,92.52,6959918
92.6,92.99,92.59,92.63,6284092
92.16,92.9,91.47,92.85,8234221
91.03,91.88,90.9,91.47,6938644
91.24,91.53,90.85,91.26,6435569
90.22,91.11,90.06,91.06,9093318
90.14,90.2,89.58,89.83,5017407
89.42,89.95,89.29,89.94,7284173
90.18,90.33,89.29,89.77,9511821
90.2,90.81,90.09,90.77,6135904
90.64,91.15,90.34,90.36,8921434
90.76,90.76,89.72,90.49,9308908
90.78,90.96,90.13,90.75,9386492
89.45,90.88,89.36,90.67,13410059
88.67,89.8,88.45,89.55,11706827
87.91,88.41,87.66,88.34,11099240
88.31,88.4,87.49,87.91,7113845
89.25,89.25,88.66,88.92,7241935
89.47,89.55,88.39,88.81,11306954
89.63,90.05,88.59,89.56,7722861
89.45,89.62,88.84,89.46,12244517
89.68,90.13,89.01,90.08,13367509
88.0,89.39,87.93,89.02,8731630
88.52,88.9,88.18,88.24,8288920
86.96,88.42,86.94,88.4,10540620
87.28,87.32,86.83,86.84,5448972
87.11,87.84,86.95,87.81,7187901
86.96,87.58,86.52,87.52,10396767
87.34,87.86,87.09,87.35,11259669
86.98,87.25,86.0,86.96,13370996
85.99,87.1,85.73,86.29,12387246
84.45,86.43,84.41,85.96,16262555
85.32,85.5,83.25,83.47,17668044
85.18,85.83,84.27,85.2,14179948
85.73,86.59,85.67,86.51,10163087
85.7,86.44,84.9,85.25,15770636
83.23,85.2,82.1,85.15,14045706
81.0,84.3,80.61,84.22,20575130
82.13,82.44,80.65,80.7,14235526
83.85,85.27,82.51,82.68,28909162
84.91,85.26,83.5,84.1,25321706
86.6,87.64,84.53,85.3,23075642
87.94,88.1,85.6,86.43,24712567
88.04,88.78,86.59,87.19,22089533
91.16,91.24,88.69,88.96,19422740
92.22,92.73,91.44,92.06,11567208
92.2,93.17,91.91,91.97,12581032
91.67,92.28,90.54,91.19,13632328
90.61,91.25,88.65,90.91,15372051
92.67,92.8,90.11,90.56,14930858
92.12,92.93,90.135,92.93,18492882
95.39,95.92,93.11,93.28,15011336
95.81,95.81,94.86,95.41,12158136
93.9,95.87,93.8,95.87,15875944
93.43,94.51,93.3,93.96,8796008
91.72,93.68,91.7,93.65,11870393
90.21,91.45,89.88,91.45,9261963
90.36,90.75,89.98,90.51,7141247
89.03,90.18,88.98,89.64,3939469
90.31,90.32,89.49,89.51,9345117
90.3,90.97,89.81,90.02,11604320
92.13,92.19,90.47,90.87,8820959
90.96,92.48,90.91,92.04,11323185
89.68,91.23,88.83,91.12,15563868
91.61,91.62,89.89,90.32,11664016
92.0,92.37,90.78,91.05,14226950
92.81,92.95,91.48,91.69,8423548
93.11,93.26,92.5,92.95,8486522
93.0,93.56,92.87,93.22,7345597
91.35,93.25,91.29,93.17,13310811
89.93,90.61,89.8,90.51,7980944
89.38,90.45,89.38,90.05,7783769
90.69,90.84,88.67,89.26,12952987
89.0,89.97,88.97,89.82,9668637
89.29,89.65,88.63,88.7,13460681
87.65,88.72,87.2,88.58,15432052
88.43,89.08,86.41,87.64,14024311
87.6,88.22,86.35,87.42,25507931
87.28,89.03,86.27,88.42,15725063
90.23,90.75,87.18,87.29,17432153
89.6,90.71,88.88,90.27,15424486
91.5,91.67,90.34,90.76,8288278
92.51,92.83,91.39,91.51,11318605
93.36,93.37,91.61,92.35,14455855
92.86,93.64,92.39,93.41,14232285
91.14,93.08,91.13,92.92,13505912
90.92,91.32,90.37,90.44,13909713
90.77,91.41,90.02,91.07,20797355
91.93,92.14,89.04,89.69,46581800
94.4,94.51,92.12,92.18,22549315
94.0,94.74,93.71,94.41,7463876
94.17,94.52,93.46,94.25,11924047
94.48,94.97,93.7,94.29,12291090
95.26,95.3,93.91,94.4,10976848
95.83,96.0,95.18,95.33,6367826
95.62,95.7,95.33,95.51,5572670
95.51,96.06,95.34,95.62,7307132
94.67,95.21,94.63,95.15,5995812
94.51,95.12,94.4,94.86,7168813
94.35,95.12,94.18,94.38,10880503
94.59,94.73,94.07,94.17,5215945
94.21,94.65,94.08,94.46,5392620
94.39,94.48,94.07,94.27,8579137
93.87,94.57,93.81,94.51,5083129
93.67,93.87,93.5,93.6,4186602
93.19,93.97,93.05,93.73,5423032
93.53,93.54,93.08,93.19,5543053
93.92,93.92,93.36,93.53,5929022
93.09,93.84,93.0,93.84,10603828
92.29,92.86,92.11,92.69,11056597
92.15,92.41,91.84,92.23,5683869
92.78,92.95,92.22,92.31,4233993
92.19,92.64,92.05,92.55,5591062
92.4,92.6,91.85,92.41,5940322
91.97,92.41,91.8,92.41,10218935
92.7,92.76,91.82,92.04,6875469
92.58,92.86,92.4,92.78,5808393
92.8,93.11,92.6,92.8,5266116
92.29,92.97,92.19,92.87,5338515
92.36,92.39,92.07,92.27,4954106
92.22,92.29,91.83,92.22,4671309
91.66,91.89,91.49,91.89,4029139
91.43,91.67,91.23,91.45,6058378
91.18,91.68,91.07,91.48,3954306
91.62,91.66,91.2,91.39,6395926
91.3,91.56,91.25,91.39,8144869
90.74,91.37,90.53,91.09,5455285
90.19,90.93,90.08,90.81,6916702
89.8,90.04,89.36,89.93,6840614
89.79,90.24,89.7,90.08,5497737
89.73,90.09,89.43,89.66,6563902
89.69,90.16,89.32,89.63,5389456
90.13,90.38,89.93,90.02,5680303
89.99,90.25,89.79,90.12,5020356
89.98,90.28,89.86,89.98,5170584
89.76,90.17,89.44,89.97,4751412
89.35,89.88,89.23,89.81,5884770
88.57,89.47,88.53,89.28,5666184
88.88,89.28,88.88,88.95,5733043
88.33,89.05,88.2,88.93,6719131
87.89,88.18,87.75,88.01,5531205
88.64,88.64,87.64,87.96,5743036
88.7,88.91,88.41,88.6,5763060
87.68,88.87,87.59,88.85,9297528
87.4,87.88,87.34,87.73,6467139
86.71,87.05,86.61,86.94,3824739
86.69,86.89,86.51,86.76,4822554
87.21,87.39,86.55,86.93,5204046
87.37,87.44,87.11,87.42,7575723
86.84,87.48,86.8,87.35,5849313
87.47,87.47,86.75,86.87,5388542
87.05,87.59,87.0,87.4,6048678
86.71,87.3,86.66,87.24,4461646
86.5,86.59,86.22,86.28,6434456
86.81,87.01,86.58,86.97,6123152
86.35,86.81,86.32,86.64,7874410
85.2,86.16,85.1,86.01,9823810
84.31,84.875,84.11,84.79,7458631
84.02,84.31,83.7,83.92,3023094
83.0,83.77,82.72,83.72,9364654
83.55,84.2,83.4,83.46,6483097
82.87,83.5,82.29,83.29,9026946
83.89,84.32,83.12,83.18,7420476
84.22,84.28,83.78,83.89,5560148
84.61,84.94,83.51,84.15,9925144
84.86,85.26,84.64,84.93,9885619
84.96,84.97,84.35,84.55,7423429
84.97,85.24,84.79,85.04,5900793
84.06,84.89,83.93,84.86,6431697
84.94,84.94,84.29,84.64,7342605
85.19,85.5,84.8,85.46,9349332
85.34,85.66,85.1,85.61,9379776
85.3,85.72,85.06,85.17,10379181
85.29,85.29,84.77,85.15,6829166
85.05,85.61,84.85,85.2,7074377
84.52,85.1,84.38,85.04,6247131
84.69,84.77,84.14,84.55,7405595
83.79,84.53,83.45,84.44,7218947
83.7,83.88,83.1,83.5,5444372
83.46,83.79,83.19,83.67,7230786
82.74,83.39,82.65,83.36,8037829
83.16,83.23,82.38,82.41,11543475
82.65,83.51,82.56,83.32,13167674
82.4,82.55,81.57,82.09,18236759
83.09,83.46,82.8,82.94,6853296
83.34,83.48,82.69,83.06,7166498
82.77,83.42,82.67,83.39,8360471
83.45,83.55,82.99,83.12,5770209
83.59,83.75,83.16,83.28,6406467
83.05,83.37,82.77,83.2,5838854
82.88,83.13,82.52,82.99,6610357
82.46,83.25,82.45,82.96,7013641
83.03,83.13,82.23,82.5,8806830
83.18,83.93,83.01,83.58,11837573
81.88,83.19,81.73,83.03,10434026
81.07,82.17,81.03,81.81,7845452
80.42,81.08,79.98,80.73,11340180
80.68,80.75,79.79,80.27,9522278
81.26,81.58,80.67,80.88,5886540
80.12,81.27,79.81,81.0,7889544
80.72,80.73,79.31,80.36,13524121
81.79,81.85,80.91,81.09,11594285
82.16,82.45,81.53,82.22,8498012
83.9,83.95,82.25,82.26,7240985
83.14,83.67,82.96,83.54,6663258
82.4,83.52,82.4,83.2,9463278
81.69,82.2,81.12,82.16,8068698
82.67,82.73,81.17,81.79,8904776
82.31,82.67,82.1,82.41,9257292
82.6,82.72,81.82,82.09,5250506
83.08,83.16,82.23,82.53,5833634
83.37,83.52,82.83,83.23,4704510
83.15,83.34,82.72,83.16,6500915
82.47,82.82,82.28,82.52,7217208
82.3,82.37,81.43,81.87,7837028
81.8,82.3,81.74,81.91,5096902
81.42,81.91,81.25,81.36,6205752
81.47,82.35,81.19,82.03,8240833
80.31,81.79,80.08,80.67,6952645
81.17,81.57,79.16,79.88,12171809
82.2,82.27,81.54,81.85,8031346
79.79,82.14,79.79,81.91,9085808
79.98,80.91,79.49,80.76,8590726
81.06,81.48,78.74,79.55,11364927
81.22,81.99,80.67,81.4,6926405
80.59,81.57,80.48,80.79,10146839
81.61,81.85,79.9,80.36,10948416
80.57,81.43,79.65,81.32,9183474
81.44,81.61,79.61,79.67,11048955
82.96,83.02,81.22,81.36,14648453
84.27,84.73,83.7,83.77,5498739
84.2,84.43,83.65,84.13,5534438
85.23,85.34,83.33,84.01,7190194
85.38,85.85,85.38,85.39,7067672
86.13,86.38,85.58,85.69,5883145
86.55,86.75,85.55,85.83,9416354
86.47,86.85,86.06,86.25,6400683
86.54,86.67,86.04,86.14,5760183
85.8,86.54,85.48,86.51,8253094
84.94,85.35,84.8,85.28,6402977
83.56,84.8,83.53,84.71,6868154
84.59,84.73,83.86,84.28,9573287
83.26,84.65,83.08,84.4,11028818
82.35,83.82,82.34,83.64,11205969
83.99,84.42,82.17,82.8,12720268
85.79,85.9,84.12,84.14,6279035
86.41,86.7,85.51,85.51,7460688
85.48,86.51,85.48,86.41,6266120
84.49,85.36,84.12,85.33,5498544
84.39,84.99,83.79,83.99,6316117
84.46,85.59,84.11,84.12,9417367
85.0,85.28,84.23,84.47,8872089
84.38,86.01,84.38,85.41,9322953
84.44,84.83,83.59,84.8,9519095
82.4,84.02,82.32,83.87,10110811
82.39,83.12,81.88,82.93,8415182
82.63,83.51,81.89,82.87,13389160
81.69,82.8,79.56,82.1,35535741
83.84,84.11,80.88,80.95,20252474
83.72,85.04,83.43,83.86,17337953
81.44,84.32,81.4,83.96,33313394
86.46,86.99,82.37,83.04,34979844
87.41,88.18,86.87,86.89,10539187
87.76,88.53,87.54,88.13,12848665
89.83,90.09,87.79,88.1,15872439
89.49,90.11,89.22,89.37,14270628
91.3,91.79,91.28,91.29,12643752
90.02,91.56,90.0,91.54,9784419
89.28,89.7,88.94,89.61,6339257
89.03,89.18,88.54,88.85,8291063
89.01,89.18,88.51,88.59,7637626
88.41,89.07,88.25,89.02,11152504
88.45,88.47,88.0,88.44,4802430
88.1,88.2,87.6,88.11,7954811
87.65,88.28,87.43,88.09,7214557
87.36,87.95,87.11,87.25,8920043
86.32,86.92,86.25,86.82,5391784
85.94,86.18,85.7,86.16,4247768
85.65,85.81,85.15,85.79,10835795
85.2,86.12,85.12,85.94,6962937
85.15,85.26,84.51,84.94,5167335
84.8,85.33,84.64,85.25,7579284
84.68,84.84,84.32,84.53,7762520
83.6,84.47,83.36,84.41,7606500
82.99,83.65,82.87,83.61,6708904
83.33,83.46,82.59,82.68,4877164
83.22,83.34,82.93,83.19,5380553
82.99,83.29,82.98,83.07,4053305
82.84,83.04,82.75,82.93,2504110
83.06,83.16,82.71,82.91,7023606
83.63,83.68,83.12,83.18,4304185
83.82,83.95,83.36,83.37,4686673
83.87,84.16,83.6,83.64,4777141
83.98,84.2,83.69,83.74,5655404
83.11,83.74,83.11,83.71,8012239
84.05,84.16,83.05,83.13,6772081
83.68,84.22,83.65,83.98,8459771
83.39,83.82,83.39,83.69,6068627
83.08,83.41,82.95,83.36,6588637
82.33,83.02,82.27,83.01,8444114
82.02,82.25,81.77,82.09,3979212
82.19,82.46,81.71,82.07,8532978
82.33,82.74,82.07,82.14,13241033
83.78,83.795,82.28,82.28,9770338
83.43,83.65,82.17,83.3,15315398
83.11,83.72,82.86,83.47,10639564
82.51,83.15,82.51,82.85,8144634
82.04,82.51,81.82,82.44,8242112
81.77,81.98,81.7,81.84,4241438
81.69,81.8,81.51,81.77,1650633
81.61,81.9152,81.45,81.58,4853077
81.34,81.795,81.3101,81.61,7972466
81.23,81.3,80.77,80.9,4898352
81.19,81.5,81.11,81.24,6129753
80.84,81.66,80.84,81.56,4780484
80.65,80.97,80.44,80.72,4952318
81.01,81.1,80.58,80.95,7430107
80.93,81.435,80.7,81.28,4703993
81.53,81.53,80.6947,81.2,4826328
81.52,81.81,81.2299,81.73,6960646
81.44,81.81,81.34,81.72,6181715
81.5,81.65,81.2442,81.53,4439915
81.48,81.57,81.3,81.36,4853232
80.85,81.655,80.85,81.61,6862333
81.46,81.48,80.755,80.94,10200322
81.25,81.65,81.09,81.31,7427810
81.21,81.46,80.97,81.11,6548619
81.8,81.92,81.08,81.26,5884007
81.87,82.23,81.83,82.14,6121961
82.4,82.635,81.66,82.16,13466887
83.03,83.225,82.67,82.99,6819089
83.68,83.69,82.63,83.11,7145502
83.99,84.305,83.63,83.67,7159559
83.82,83.95,83.59,83.88,6343777
83.18,83.8147,83.06,83.79,6408894
83.37,83.73,83.18,83.28,6938689
82.23,83.38,82.23,83.16,8437461
82.36,82.68,81.91,82.06,10219710
82.36,82.53,82.22,82.42,5909628
82.69,82.82,82.53,82.63,4732044
82.51,82.81,82.49,82.72,4031584
82.4,82.56,82.11,82.56,4037741
82.88,82.9,82.24,82.37,4558776
82.85,83.21,82.76,82.89,4035940
82.94,83.01,82.62,83.0,7709648
82.66,82.97,82.58,82.94,3291140
82.68,82.7963,82.215,82.54,5134628
81.97,82.57,81.88,82.56,8764865
81.26,81.77,81.06,81.73,6902620
81.11,81.52,80.99,81.25,4229024
81.42,81.42,80.835,81.18,5384691
81.57,81.7962,81.18,81.21,4579765
81.47,81.84,81.215,81.34,12439330
81.47,81.69,81.155,81.58,6473284
81.95,82.04,81.54,81.58,4527219
81.95,82.089,81.41,82.0,5101780
82.61,82.71,81.83,81.92,7329150
82.68,82.9,82.44,82.57,7783052
83.06,83.06,82.5,82.59,7091336
82.82,83.29,82.7165,83.16,6372776
83.26,83.41,82.8917,83.05,5873781
83.2,83.37,83.035,83.36,6984489
82.91,83.2,82.73,83.18,6286176
82.05,82.68,81.9108,82.54,4302627
81.26,82.35,81.24,82.17,7250995
81.16,81.35,80.795,81.27,8790950
80.89,81.37,80.51,80.88,8076875
81.41,81.58,80.92,81.23,6471618
80.13,81.37,80.13,81.29,6987189
79.43,80.13,79.41,79.93,3667897
79.04,79.6,78.97,79.52,4243532
79.17,79.5,79.15,79.37,7432771
79.1,79.4,78.89,78.95,5476522
78.78,79.04,78.63,78.93,5502816
79.03,79.045,78.665,78.7,5662539
78.37,79.39,78.32,79.3,5455425
77.93,78.45,77.82,78.35,10268993
78.07,78.53,77.95,78.0,8434552
79.1,79.44,78.33,78.36,7133350
79.26,79.5,79.165,79.35,3756895
79.23,79.39,79.11,79.13,4653777
78.94,79.255,78.94,79.13,3955758
78.42,78.99,78.42,78.6,8167274
79.13,79.2,78.37,78.38,7054652
79.09,79.45,78.95,79.37,4886488
79.55,79.69,79.12,79.28,4423268
79.4,79.66,79.335,79.65,4583270
80.03,80.03,79.38,79.48,3930128
79.57,79.82,79.31,79.66,8003584
79.7,79.7,79.25,79.53,7718482
80.18,80.18,79.61,79.71,8678807
80.06,80.225,79.88,79.89,5516781
79.59,80.06,79.25,79.96,6426095
80.19,80.19,79.231,79.56,12536833
80.2,80.28,79.89,80.11,4964146
81.15,81.21,80.26,80.38,8485963
80.92,81.04,80.6148,80.96,4476835
80.91,81.11,80.845,80.99,4796849
80.74,81.21,80.61,81.08,8276819
80.24,80.55,80.24,80.55,8177869
79.74,79.98,79.36,79.9,8042690
80.23,80.285,79.82,79.84,5743659
79.76,80.3,79.6,80.13,5749986
79.59,79.84,79.05,79.59,9437737
79.37,79.78,79.35,79.52,8808227
79.02,79.19,78.58,78.98,4117471
79.25,79.28,78.87,79.07,3580016
79.1,79.31,78.9,79.22,4371418
79.51,79.66,78.71,78.82,6421711
79.49,79.95,79.21,79.85,8955511
79.51,79.75,79.37,79.38,5904203
79.66,79.66,79.24,79.24,7817416
79.99,80.06,78.865,79.35,8445842
79.92,80.28,79.88,80.08,8673411
80.39,80.49,79.64,79.66,8428044
80.7,80.7,80.27,80.39,7434432
80.49,80.64,80.17,80.47,8779612
79.89,81.08,79.86,80.59,12341085
78.92,79.8,78.87,79.76,9481247
78.49,79.195,78.46,78.76,7697165
77.8,78.57,77.76,78.5,8294362
77.66,77.85,77.28,77.69,14165188
77.65,77.93,77.44,77.87,8185992
77.71,78.17,77.68,77.95,6782257
77.49,77.68,77.305,77.58,5592460
77.46,77.74,77.05,77.42,7700644
77.1,77.755,77.0,77.52,13418971
77.17,77.355,76.795,77.0,6304426
77.11,77.295,76.97,77.22,4415681
77.05,77.29,76.88,77.01,4316464
77.42,77.5,77.02,77.2,5558935
77.14,77.52,77.07,77.42,4832974
76.21,76.98,76.13,76.92,9148899
75.93,76.25,75.865,76.08,5884380
75.65,75.97,75.65,75.78,4651153
75.97,76.19,75.81,75.89,4507362
75.84,76.18,75.66,76.03,4479364
75.52,75.73,75.34,75.67,5215731
75.33,75.635,75.27,75.48,4216096
74.96,75.315,74.8,75.23,4999072
74.95,75.265,74.85,75.03,9209758
74.45,75.25,74.45,74.82,10690543
74.87,75.08,74.49,74.49,11434049
75.69,75.76,75.265,75.48,5471675
75.32,75.81,75.25,75.77,7320754
75.38,75.485,75.23,75.28,2638025
75.25,75.44,75.03,75.41,6791572
75.47,75.48,75.06,75.37,4314913
75.54,75.73,75.45,75.59,3830157
75.91,75.97,75.39,75.5,6558505
76.18,76.2,75.66,75.97,5720072
75.77,76.01,75.66,76.01,4275352
75.65,75.71,75.34,75.51,8094141
75.74,75.9,75.3,75.88,5243780
75.63,75.815,75.5,75.67,7182033
75.36,75.54,75.235,75.5,5781071
75.16,75.65,75.01,75.3,6962756
75.0,75.44,74.94,75.14,6240415
74.71,74.945,74.5,74.73,9035698
74.39,74.59,74.31,74.41,5450018
73.99,74.059,73.51,73.68,6762958
73.81,74.27,73.47,74.12,7307251
73.68,73.87,73.53,73.66,5023119
73.84,73.84,73.16,73.44,7519486
73.89,74.27,73.83,74.25,6149877
74.08,74.325,73.98,73.98,6671107
74.09,74.29,73.87,74.17,3782186
74.15,74.34,73.762,74.17,5472621
74.39,74.639,74.2,74.27,4529953
74.33,74.597,74.13,74.41,5638152
74.17,74.415,73.95,74.28,5253261
74.48,74.92,74.1,74.15,6470120
74.4,74.48,74.17,74.38,5228588
74.44,74.79,74.13,74.42,12354819
74.39,74.56,74.28,74.36,5895356
74.47,74.72,74.27,74.57,7137422
74.57,74.74,74.39,74.56,4357827
74.34,74.64,74.11,74.54,7384703
73.76,74.62,73.621,74.49,6946344
74.29,74.62,73.98,74.29,9229473
74.39,74.7657,74.111,74.25,13250456
74.57,74.6663,74.11,74.48,9954250
75.13,75.39,72.33,74.46,16650419
75.18,75.29,74.895,75.0359,4728301
75.39,75.5262,75.12,75.16,10400969
76.4,76.4,75.5601,75.85,12129389
75.75,76.745,75.745,76.59,11044878
75.71,75.96,75.56,75.64,7296332
76.05,76.05,75.62,75.92,6898546
76.01,76.09,75.7,75.98,10455762
75.27,75.79,75.22,75.69,8451394
74.97,75.54,74.92,75.28,8130032
74.89,75.36,74.74,74.98,12330631
75.69,75.75,75.24,75.51,5886906
75.39,75.86,75.365,75.8,6635276
75.62,75.885,75.49,75.5,7889322
75.44,75.93,75.225,75.74,15196599
74.93,75.23,74.77,74.99,10258588
74.83,75.18,74.67,75.14,8178052
74.3,74.82,74.27,74.78,9102984
73.96,74.545,73.87,74.42,8685596
73.9,74.14,73.815,73.88,6634265
73.65,74.23,73.65,73.99,10651815
73.28,73.7,73.28,73.66,12117842
73.68,73.75,73.06,73.56,11332623
72.71,73.8,72.64,73.66,10091712
72.22,72.87,72.165,72.87,10402997
71.93,72.34,71.93,72.3,6465225
71.83,72.02,71.66,71.86,4440343
71.45,71.93,71.39,71.72,7869248
71.19,71.535,70.99,71.46,6812927
71.55,71.83,71.33,71.57,11277469
71.29,71.5,71.15,71.5,11561794
71.34,71.49,71.0,71.42,15104788
70.78,71.15,70.555,71.11,14539361
70.52,71.13,70.38,71.13,19490478
69.04,70.52,68.99,70.52,14341968
69.58,69.72,69.12,69.41,7281928
69.34,69.8,69.32,69.75,7264900
69.57,69.69,69.17,69.18,6612453
69.13,69.75,69.09,69.72,6553834
69.48,69.53,68.75,69.07,8703494
69.75,69.938,69.29,69.55,10003575
70.02,70.37,69.78,69.84,7006699
70.45,70.61,69.91,70.02,6470661
70.7,70.86,70.33,70.47,6174216
70.48,70.68,69.98,70.56,6038233
70.91,71.16,70.75,70.92,5279017
70.43,70.89,70.26,70.85,9358905
71.59,71.84,70.05,70.78,23741959
71.37,71.91,71.21,71.5,10320463
70.95,71.37,70.82,71.25,5751681
70.77,71.15,70.515,70.95,5769255
70.33,70.77,70.27,70.75,5979030
69.95,70.58,69.95,70.39,9174456
69.31,69.86,69.22,69.84,11792938
